OverviewPage,Prize USD,Place,Team
Season 1 World Championship,1000.0,7-8,Team Pacific
Season 1 World Championship,1000.0,7-8,Xan
Season 1 World Championship,2000.0,6,Team gamed!de
Season 1 World Championship,3500.0,5,Counter Logic Gaming
Season 1 World Championship,7000.0,4,Epik Gamer
Season 1 World Championship,10000.0,3,TSM
Season 1 World Championship,25000.0,2,against All authority
Season 1 World Championship,50000.0,1,Fnatic
Season 1 World Championship/Qualifiers/Europe,,1,against All authority
Season 1 World Championship/Qualifiers/Europe,,2,Team gamed!de
Season 1 World Championship/Qualifiers/Europe,,3,Fnatic
Season 1 World Championship/Qualifiers/Europe,,4,SK Gaming
Season 1 World Championship/Qualifiers/Europe,,5-6,Absolute Legends
Season 1 World Championship/Qualifiers/Europe,,5-6,Tic-Tacs
Season 1 World Championship/Qualifiers/Europe,,7-8,myRevenge
Season 1 World Championship/Qualifiers/Europe,,7-8,Wizards e-Sports Club
Season 1 World Championship/Qualifiers/North America,,1,TSM
Season 1 World Championship/Qualifiers/North America,,2,Epik Gamer
Season 1 World Championship/Qualifiers/North America,,3,Counter Logic Gaming
Season 1 World Championship/Qualifiers/North America,,4,Rock Solid
Season 1 World Championship/Qualifiers/North America,,5-6,compLexity Gaming
Season 1 World Championship/Qualifiers/North America,,5-6,Defy All Odds
Season 1 World Championship/Qualifiers/North America,,7-8,Disciples of Da Gr8 Whale Lord
Season 1 World Championship/Qualifiers/North America,,7-8,OGODBEARS
Season 2 World Championship,25000.0,11-12,Dignitas
Season 2 World Championship,25000.0,11-12,SK Gaming
Season 2 World Championship,50000.0,9-10,CLG Prime
Season 2 World Championship,50000.0,9-10,Saigon Jokers
Season 2 World Championship,75000.0,5-8,Invictus Gaming
Season 2 World Championship,75000.0,5-8,NaJin Sword
Season 2 World Championship,75000.0,5-8,Team WE
Season 2 World Championship,75000.0,5-8,TSM
Season 2 World Championship,150000.0,3-4,Counter Logic Gaming Europe
Season 2 World Championship,150000.0,3-4,Moscow Five
Season 2 World Championship,250000.0,2,Azubu Frost
Season 2 World Championship,1000000.0,1,Taipei Assassins
Season 2/Regional Finals/China,,1,Invictus Gaming
Season 2/Regional Finals/China,,2,Noah's Ark
Season 2/Regional Finals/China,,3-4,EHOME
Season 2/Regional Finals/China,,3-4,LGD Gaming
Season 2/Regional Finals/Europe,10000.0,5-8,EloHell
Season 2/Regional Finals/Europe,10000.0,5-8,Team Acer Poland
Season 2/Regional Finals/Europe,10000.0,5-8,Team ALTERNATE
Season 2/Regional Finals/Europe,10000.0,5-8,Team Curse Europe
Season 2/Regional Finals/Europe,15000.0,4,Fnatic
Season 2/Regional Finals/Europe,25000.0,3,Counter Logic Gaming Europe
Season 2/Regional Finals/Europe,30000.0,2,SK Gaming
Season 2/Regional Finals/Europe,40000.0,1,Moscow Five
Season 2/Regional Finals/Korea,,1,NaJin Sword
Season 2/Regional Finals/Korea,,2,Azubu Blaze
Season 2/Regional Finals/Korea,,3,Xenics Storm
Season 2/Regional Finals/Korea,,4,Incredible Miracle
Season 2/Regional Finals/Korea,,5,CJ Entus
Season 3 China Regional Finals,,1,Royal Club
Season 3 China Regional Finals,,2,Oh My God
Season 3 China Regional Finals,,3,Invictus Gaming
Season 3 China Regional Finals,,4,Positive Energy
Season 3 Korea Regional Finals,,1,SK Telecom T1
Season 3 Korea Regional Finals,,2,KT Rolster Bullets
Season 3 Korea Regional Finals,,3,CJ Entus Frost
Season 3 Korea Regional Finals,,4,CJ Entus Blaze
Season 3 Taiwan Regional Finals,,1,Gamania Bears
Season 3 Taiwan Regional Finals,,2,Taipei Snipers
Season 3 Taiwan Regional Finals,,3,Wayi Spider
Season 3 Taiwan Regional Finals,,4,ahq eSports Club
Season 3 Taiwan Regional Finals,,5-6,CGA LEGENDs
Season 3 Taiwan Regional Finals,,5-6,Taipei Assassins
Season 3 Taiwan Regional Finals,,7-8,e-Sports Dragons Pro
Season 3 Taiwan Regional Finals,,7-8,yoe IRONMEN
Season 3 Taiwan Regional Finals,,9-12,GIA (Taiwanese Team)
Season 3 Taiwan Regional Finals,,9-12,Team Ozone Xenon
Season 3 Taiwan Regional Finals,,9-12,Team Rush
Season 3 Taiwan Regional Finals,,9-12,就說姊姊好可愛
Season 3 Taiwan Regional Finals/Hong Kong Qualifiers,,4,4onl
Season 3 Taiwan Regional Finals/Hong Kong Qualifiers,,5-8,CrossGaming
Season 3 Taiwan Regional Finals/Hong Kong Qualifiers,,5-8,MeLT
Season 3 Taiwan Regional Finals/Hong Kong Qualifiers,,5-8,THKD
Season 3 Taiwan Regional Finals/Hong Kong Qualifiers,,5-8,沒有明天
Season 3 Taiwan Regional Finals/Hong Kong Qualifiers,322.32,3,YouCantStopMe
Season 3 Taiwan Regional Finals/Hong Kong Qualifiers,644.64,2,Hong Kong Attitude
Season 3 Taiwan Regional Finals/Hong Kong Qualifiers,966.96,1,CGA LEGENDs
Season 3 World Championship,25000.0,13-14,GamingGear.eu
Season 3 World Championship,25000.0,13-14,Mineski
Season 3 World Championship,30000.0,11-12,Team Vulcun
Season 3 World Championship,30000.0,11-12,TSM
Season 3 World Championship,45000.0,9-10,Lemondogs
Season 3 World Championship,45000.0,9-10,Samsung Ozone
Season 3 World Championship,75000.0,5-8,Cloud9
Season 3 World Championship,75000.0,5-8,Gamania Bears
Season 3 World Championship,75000.0,5-8,Gambit Gaming
Season 3 World Championship,75000.0,5-8,Oh My God
Season 3 World Championship,150000.0,3-4,Fnatic
Season 3 World Championship,150000.0,3-4,NaJin Black Sword
Season 3 World Championship,250000.0,2,Royal Club
Season 3 World Championship,1000000.0,1,SK Telecom T1
NA LCS/2015 Season/Regional Finals,,1,Cloud9
NA LCS/2015 Season/Regional Finals,,2,Team Liquid
NA LCS/2015 Season/Regional Finals,,3,Team Impulse
NA LCS/2015 Season/Regional Finals,,4,Gravity (North American Team)
NA LCS/2016 Season/Regional Finals,,1,Cloud9
NA LCS/2016 Season/Regional Finals,,2,Immortals
NA LCS/2016 Season/Regional Finals,,3,Team EnVyUs
NA LCS/2016 Season/Regional Finals,,4,Team Liquid
NA LCS/2017 Season/Regional Finals,,1,Cloud9
NA LCS/2017 Season/Regional Finals,,2,Counter Logic Gaming
NA LCS/2017 Season/Regional Finals,,3,FlyQuest
NA LCS/2017 Season/Regional Finals,,4,Dignitas
NA LCS/2018 Season/Regional Finals,,1,Cloud9
NA LCS/2018 Season/Regional Finals,,2,TSM
NA LCS/2018 Season/Regional Finals,,3,Echo Fox
NA LCS/2018 Season/Regional Finals,,4,Clutch Gaming
LPPL/2016 Season/Spring Season,773.4,10,Team WE
LPPL/2016 Season/Spring Season,1546.8,8-9,Energy Pacemaker.All
LPPL/2016 Season/Spring Season,1546.8,8-9,Invictus Gaming
LPPL/2016 Season/Spring Season,2320.2,7,Vici Gaming
LPPL/2016 Season/Spring Season,3093.6,6,Snake Esports
LPPL/2016 Season/Spring Season,3867.0,4-5,EDward Gaming
LPPL/2016 Season/Spring Season,3867.0,4-5,LGD Gaming
LPPL/2016 Season/Spring Season,4640.4,1-3,Oh My God
LPPL/2016 Season/Spring Season,4640.4,1-3,Qiao Gu Reapers
LPPL/2016 Season/Spring Season,4640.4,1-3,Royal Never Give Up
LPL/2020 Season/Spring Playoffs,141618.83,2,Top Esports
LPL/2020 Season/Spring Playoffs,283237.67,1,JD Gaming
LPL/2020 Season/Spring Season,,1,Invictus Gaming
LPL/2020 Season/Spring Season,,10,Bilibili Gaming
LPL/2020 Season/Spring Season,,11,Suning
LPL/2020 Season/Spring Season,,12,Oh My God
LPL/2020 Season/Spring Season,,13,Rogue Warriors
LPL/2020 Season/Spring Season,,14,Dominus Esports
LPL/2020 Season/Spring Season,,15,LGD Gaming
LPL/2020 Season/Spring Season,,16,LNG Esports
LPL/2020 Season/Spring Season,,17,Victory Five
LPL/2020 Season/Spring Season,,2,JD Gaming
LPL/2020 Season/Spring Season,,3,FunPlus Phoenix
LPL/2020 Season/Spring Season,,4,Top Esports
LPL/2020 Season/Spring Season,,5,eStar (Chinese Team)
LPL/2020 Season/Spring Season,,6,EDward Gaming
LPL/2020 Season/Spring Season,,7,Royal Never Give Up
LPL/2020 Season/Spring Season,,8,Team WE
LPL/2020 Season/Spring Season,,9,Vici Gaming
LPL/2020 Season/Summer Playoffs,,7-8,FunPlus Phoenix
LPL/2020 Season/Summer Playoffs,,7-8,Team WE
LPL/2020 Season/Summer Playoffs,28793.0,5,Victory Five
LPL/2020 Season/Summer Playoffs,28793.0,6,Invictus Gaming
LPL/2020 Season/Summer Playoffs,43189.5,4,LGD Gaming
LPL/2020 Season/Summer Playoffs,71982.5,3,Suning
LPL/2020 Season/Summer Playoffs,143965.0,2,JD Gaming
LPL/2020 Season/Summer Playoffs,287930.0,1,Top Esports
LPL/2020 Season/Summer Season,,1,Top Esports
LPL/2020 Season/Summer Season,,10,EDward Gaming
LPL/2020 Season/Summer Season,,11,Vici Gaming
LPL/2020 Season/Summer Season,,12,Bilibili Gaming
LPL/2020 Season/Summer Season,,13,LNG Esports
LPL/2020 Season/Summer Season,,14,Oh My God
LPL/2020 Season/Summer Season,,15,Rogue Warriors
LPL/2020 Season/Summer Season,,16,eStar (Chinese Team)
LPL/2020 Season/Summer Season,,17,Dominus Esports
LPL/2020 Season/Summer Season,,2,JD Gaming
LPL/2020 Season/Summer Season,,3,Invictus Gaming
LPL/2020 Season/Summer Season,,4,Suning
LPL/2020 Season/Summer Season,,5,Victory Five
LPL/2020 Season/Summer Season,,6,LGD Gaming
LPL/2020 Season/Summer Season,,7,Team WE
LPL/2020 Season/Summer Season,,8,FunPlus Phoenix
LPL/2020 Season/Summer Season,,9,Royal Never Give Up
LPL/2021 Season/Regional Finals,,1,Royal Never Give Up
LPL/2021 Season/Regional Finals,,2,LNG Esports
LPL/2021 Season/Regional Finals,,3,Team WE
LPL/2021 Season/Regional Finals,,4,Rare Atom
LPL/2021 Season/Spring Playoffs,,1,Royal Never Give Up
LPL/2021 Season/Spring Playoffs,,2,FunPlus Phoenix
LPL/2021 Season/Spring Playoffs,,3,EDward Gaming
LPL/2021 Season/Spring Playoffs,,4,Top Esports
LPL/2021 Season/Spring Playoffs,,5-6,JD Gaming
LPL/2021 Season/Spring Playoffs,,5-6,Suning
LPL/2021 Season/Spring Playoffs,,7-8,Rare Atom
LPL/2021 Season/Spring Playoffs,,7-8,Team WE
LPL/2021 Season/Spring Playoffs,,9-10,Invictus Gaming
LPL/2021 Season/Spring Playoffs,,9-10,LNG Esports
LPL/2021 Season/Spring Season,,1,Royal Never Give Up
LPL/2021 Season/Spring Season,,10,LNG Esports
LPL/2021 Season/Spring Season,,11,Bilibili Gaming
LPL/2021 Season/Spring Season,,12,Victory Five
LPL/2021 Season/Spring Season,,13,ThunderTalk Gaming
LPL/2021 Season/Spring Season,,14,LGD Gaming
LPL/2021 Season/Spring Season,,15,Oh My God
LPL/2021 Season/Spring Season,,16,eStar (Chinese Team)
LPL/2021 Season/Spring Season,,17,Rogue Warriors
LPL/2021 Season/Spring Season,,2,EDward Gaming
LPL/2021 Season/Spring Season,,3,Top Esports
LPL/2021 Season/Spring Season,,4,JD Gaming
LPL/2021 Season/Spring Season,,5,FunPlus Phoenix
LPL/2021 Season/Spring Season,,6,Team WE
LPL/2021 Season/Spring Season,,7,Suning
LPL/2021 Season/Spring Season,,8,Rare Atom
LPL/2021 Season/Spring Season,,9,Invictus Gaming
LPL/2021 Season/Summer Playoffs,,1,EDward Gaming
LPL/2021 Season/Summer Playoffs,,2,FunPlus Phoenix
LPL/2021 Season/Summer Playoffs,,3,Team WE
LPL/2021 Season/Summer Playoffs,,4,LNG Esports
LPL/2021 Season/Summer Playoffs,,5-6,Rare Atom
LPL/2021 Season/Summer Playoffs,,5-6,Royal Never Give Up
LPL/2021 Season/Summer Playoffs,,7-8,Bilibili Gaming
LPL/2021 Season/Summer Playoffs,,7-8,Top Esports
LPL/2021 Season/Summer Playoffs,,9-10,Oh My God
LPL/2021 Season/Summer Playoffs,,9-10,Suning
LPL/2021 Season/Summer Season,,1,FunPlus Phoenix
LPL/2021 Season/Summer Season,,10,Oh My God
LPL/2021 Season/Summer Season,,11,LGD Gaming
LPL/2021 Season/Summer Season,,12,JD Gaming
LPL/2021 Season/Summer Season,,13,Invictus Gaming
LPL/2021 Season/Summer Season,,14,Rogue Warriors
LPL/2021 Season/Summer Season,,15,Ultra Prime
LPL/2021 Season/Summer Season,,16,ThunderTalk Gaming
LPL/2021 Season/Summer Season,,17,Victory Five
LPL/2021 Season/Summer Season,,2,EDward Gaming
LPL/2021 Season/Summer Season,,3,Rare Atom
LPL/2021 Season/Summer Season,,4,Royal Never Give Up
LPL/2021 Season/Summer Season,,5,Top Esports
LPL/2021 Season/Summer Season,,6,Bilibili Gaming
LPL/2021 Season/Summer Season,,7,Team WE
LPL/2021 Season/Summer Season,,8,LNG Esports
LPL/2021 Season/Summer Season,,9,Suning
LPL/2022 Season/Regional Finals,,1,EDward Gaming
LPL/2022 Season/Regional Finals,,2,Royal Never Give Up
LPL/2022 Season/Regional Finals,,3,LNG Esports
LPL/2022 Season/Regional Finals,,4,Victory Five
LPL/2022 Season/Regional Finals/Showmatch,,1,地表最强战队
LPL/2022 Season/Regional Finals/Showmatch,,2,峡谷之巅战队
LPL/2022 Season/Spring Playoffs,,1,Royal Never Give Up
LPL/2022 Season/Spring Playoffs,,2,Top Esports
LPL/2022 Season/Spring Playoffs,,3,Victory Five
LPL/2022 Season/Spring Playoffs,,4,JD Gaming
LPL/2022 Season/Spring Playoffs,,5-6,LNG Esports
LPL/2022 Season/Spring Playoffs,,5-6,Weibo Gaming
LPL/2022 Season/Spring Playoffs,,7-8,Bilibili Gaming
LPL/2022 Season/Spring Playoffs,,7-8,EDward Gaming
LPL/2022 Season/Spring Playoffs,,9-10,FunPlus Phoenix
LPL/2022 Season/Spring Playoffs,,9-10,Rare Atom
LPL/2022 Season/Spring Season,,1,Victory Five
LPL/2022 Season/Spring Season,,10,FunPlus Phoenix
LPL/2022 Season/Spring Season,,11,Oh My God
LPL/2022 Season/Spring Season,,12,Ultra Prime
LPL/2022 Season/Spring Season,,13,Anyone's Legend
LPL/2022 Season/Spring Season,,14,Invictus Gaming
LPL/2022 Season/Spring Season,,15,Team WE
LPL/2022 Season/Spring Season,,16,LGD Gaming
LPL/2022 Season/Spring Season,,17,ThunderTalk Gaming
LPL/2022 Season/Spring Season,,2,Royal Never Give Up
LPL/2022 Season/Spring Season,,3,JD Gaming
LPL/2022 Season/Spring Season,,4,LNG Esports
LPL/2022 Season/Spring Season,,5,Top Esports
LPL/2022 Season/Spring Season,,6,Weibo Gaming
LPL/2022 Season/Spring Season,,7,EDward Gaming
LPL/2022 Season/Spring Season,,8,Bilibili Gaming
LPL/2022 Season/Spring Season,,9,Rare Atom
LPL/2022 Season/Summer Playoffs,,1,JD Gaming
LPL/2022 Season/Summer Playoffs,,2,Top Esports
LPL/2022 Season/Summer Playoffs,,3,EDward Gaming
LPL/2022 Season/Summer Playoffs,,4,LNG Esports
LPL/2022 Season/Summer Playoffs,,5-6,Royal Never Give Up
LPL/2022 Season/Summer Playoffs,,5-6,Victory Five
LPL/2022 Season/Summer Playoffs,,7-8,FunPlus Phoenix
LPL/2022 Season/Summer Playoffs,,7-8,Weibo Gaming
LPL/2022 Season/Summer Playoffs,,9-10,Bilibili Gaming
LPL/2022 Season/Summer Playoffs,,9-10,Oh My God
LPL/2022 Season/Summer Season,,1,Top Esports
LPL/2022 Season/Summer Season,,10,Bilibili Gaming
LPL/2022 Season/Summer Season,,11,Anyone's Legend
LPL/2022 Season/Summer Season,,12,ThunderTalk Gaming
LPL/2022 Season/Summer Season,,13,Invictus Gaming
LPL/2022 Season/Summer Season,,14,LGD Gaming
LPL/2022 Season/Summer Season,,15,Ultra Prime
LPL/2022 Season/Summer Season,,16,Rare Atom
LPL/2022 Season/Summer Season,,17,Team WE
LPL/2022 Season/Summer Season,,2,JD Gaming
LPL/2022 Season/Summer Season,,3,Victory Five
LPL/2022 Season/Summer Season,,4,Royal Never Give Up
LPL/2022 Season/Summer Season,,5,EDward Gaming
LPL/2022 Season/Summer Season,,6,Weibo Gaming
LPL/2022 Season/Summer Season,,7,LNG Esports
LPL/2022 Season/Summer Season,,8,Oh My God
LPL/2022 Season/Summer Season,,9,FunPlus Phoenix
LPL/2023 Season/Regional Finals,,1,LNG Esports
LPL/2023 Season/Regional Finals,,2,Weibo Gaming
LPL/2023 Season/Regional Finals,,3,EDward Gaming
LPL/2023 Season/Regional Finals,,4,Top Esports
LPL/2023 Season/Spring Playoffs,,1,JD Gaming
LPL/2023 Season/Spring Playoffs,,2,Bilibili Gaming
LPL/2023 Season/Spring Playoffs,,3,EDward Gaming
LPL/2023 Season/Spring Playoffs,,4,Oh My God
LPL/2023 Season/Spring Playoffs,,5-6,LNG Esports
LPL/2023 Season/Spring Playoffs,,5-6,Weibo Gaming
LPL/2023 Season/Spring Playoffs,,7-8,Royal Never Give Up
LPL/2023 Season/Spring Playoffs,,7-8,Top Esports
LPL/2023 Season/Spring Playoffs,,9-10,Team WE
LPL/2023 Season/Spring Playoffs,,9-10,ThunderTalk Gaming
LPL/2023 Season/Spring Season,,1,JD Gaming
LPL/2023 Season/Spring Season,,10,Team WE
LPL/2023 Season/Spring Season,,11,Invictus Gaming
LPL/2023 Season/Spring Season,,12,Rare Atom
LPL/2023 Season/Spring Season,,13,Ninjas in Pyjamas.CN
LPL/2023 Season/Spring Season,,14,LGD Gaming
LPL/2023 Season/Spring Season,,15,FunPlus Phoenix
LPL/2023 Season/Spring Season,,16,Anyone's Legend
LPL/2023 Season/Spring Season,,17,Ultra Prime
LPL/2023 Season/Spring Season,,2,EDward Gaming
LPL/2023 Season/Spring Season,,3,LNG Esports
LPL/2023 Season/Spring Season,,4,Weibo Gaming
LPL/2023 Season/Spring Season,,5,Bilibili Gaming
LPL/2023 Season/Spring Season,,6,Oh My God
LPL/2023 Season/Spring Season,,7,Top Esports
LPL/2023 Season/Spring Season,,8,ThunderTalk Gaming
LPL/2023 Season/Spring Season,,9,Royal Never Give Up
LPL/2023 Season/Summer Playoffs,,1,JD Gaming
LPL/2023 Season/Summer Playoffs,,2,LNG Esports
LPL/2023 Season/Summer Playoffs,,3,Bilibili Gaming
LPL/2023 Season/Summer Playoffs,,4,Top Esports
LPL/2023 Season/Summer Playoffs,,5-6,EDward Gaming
LPL/2023 Season/Summer Playoffs,,5-6,Weibo Gaming
LPL/2023 Season/Summer Playoffs,,7-8,Ninjas in Pyjamas.CN
LPL/2023 Season/Summer Playoffs,,7-8,Oh My God
LPL/2023 Season/Summer Playoffs,,9-10,Royal Never Give Up
LPL/2023 Season/Summer Playoffs,,9-10,Team WE
LPL/2023 Season/Summer Season,,1,Bilibili Gaming
LPL/2023 Season/Summer Season,,10,Ninjas in Pyjamas.CN
LPL/2023 Season/Summer Season,,11,FunPlus Phoenix
LPL/2023 Season/Summer Season,,12,Invictus Gaming
LPL/2023 Season/Summer Season,,13,ThunderTalk Gaming
LPL/2023 Season/Summer Season,,14,Ultra Prime
LPL/2023 Season/Summer Season,,15,Rare Atom
LPL/2023 Season/Summer Season,,16,Anyone's Legend
LPL/2023 Season/Summer Season,,17,LGD Gaming
LPL/2023 Season/Summer Season,,2,JD Gaming
LPL/2023 Season/Summer Season,,3,LNG Esports
LPL/2023 Season/Summer Season,,4,Top Esports
LPL/2023 Season/Summer Season,,5,Oh My God
LPL/2023 Season/Summer Season,,6,Weibo Gaming
LPL/2023 Season/Summer Season,,7,Royal Never Give Up
LPL/2023 Season/Summer Season,,8,EDward Gaming
LPL/2023 Season/Summer Season,,9,Team WE
LPL/2024 Season/Regional Finals,,1,LNG Esports
LPL/2024 Season/Regional Finals,,2,Weibo Gaming
LPL/2024 Season/Regional Finals,,3,JD Gaming
LPL/2024 Season/Regional Finals,,4,Ninjas in Pyjamas.CN
LPL/2024 Season/Spring Playoffs,,1,Bilibili Gaming
LPL/2024 Season/Spring Playoffs,,2,Top Esports
LPL/2024 Season/Spring Playoffs,,3,JD Gaming
LPL/2024 Season/Spring Playoffs,,4,Ninjas in Pyjamas.CN
LPL/2024 Season/Spring Playoffs,,5-6,FunPlus Phoenix
LPL/2024 Season/Spring Playoffs,,5-6,Weibo Gaming
LPL/2024 Season/Spring Playoffs,,7-8,LNG Esports
LPL/2024 Season/Spring Playoffs,,7-8,Team WE
LPL/2024 Season/Spring Playoffs,,9-10,Invictus Gaming
LPL/2024 Season/Spring Playoffs,,9-10,Oh My God
LPL/2024 Season/Spring Season,,1,Bilibili Gaming
LPL/2024 Season/Spring Season,,10,Invictus Gaming
LPL/2024 Season/Spring Season,,11,Anyone's Legend
LPL/2024 Season/Spring Season,,12,LGD Gaming
LPL/2024 Season/Spring Season,,13,ThunderTalk Gaming
LPL/2024 Season/Spring Season,,14,Royal Never Give Up
LPL/2024 Season/Spring Season,,15,Rare Atom
LPL/2024 Season/Spring Season,,16,EDward Gaming
LPL/2024 Season/Spring Season,,17,Ultra Prime
LPL/2024 Season/Spring Season,,2,Top Esports
LPL/2024 Season/Spring Season,,3,JD Gaming
LPL/2024 Season/Spring Season,,4,FunPlus Phoenix
LPL/2024 Season/Spring Season,,5,Ninjas in Pyjamas.CN
LPL/2024 Season/Spring Season,,6,LNG Esports
LPL/2024 Season/Spring Season,,7,Weibo Gaming
LPL/2024 Season/Spring Season,,8,Oh My God
LPL/2024 Season/Spring Season,,9,Team WE
LPL/2024 Season/Summer Placements,,NQ,EDward Gaming
LPL/2024 Season/Summer Placements,,NQ,Invictus Gaming
LPL/2024 Season/Summer Placements,,NQ,Oh My God
LPL/2024 Season/Summer Placements,,NQ,Rare Atom
LPL/2024 Season/Summer Placements,,NQ,Royal Never Give Up
LPL/2024 Season/Summer Placements,,NQ,Team WE
LPL/2024 Season/Summer Placements,,NQ,ThunderTalk Gaming
LPL/2024 Season/Summer Placements,,NQ,Ultra Prime
LPL/2024 Season/Summer Placements,,Q,Anyone's Legend
LPL/2024 Season/Summer Placements,,Q,Bilibili Gaming
LPL/2024 Season/Summer Placements,,Q,FunPlus Phoenix
LPL/2024 Season/Summer Placements,,Q,JD Gaming
LPL/2024 Season/Summer Placements,,Q,LGD Gaming
LPL/2024 Season/Summer Placements,,Q,LNG Esports
LPL/2024 Season/Summer Placements,,Q,Ninjas in Pyjamas.CN
LPL/2024 Season/Summer Placements,,Q,Top Esports
LPL/2024 Season/Summer Placements,,Q,Weibo Gaming
LPL/2024 Season/Summer Playoffs,,11-13,Invictus Gaming
LPL/2024 Season/Summer Playoffs,,11-13,Oh My God
LPL/2024 Season/Summer Playoffs,,11-13,Rare Atom
LPL/2024 Season/Summer Playoffs,,7-8,FunPlus Phoenix
LPL/2024 Season/Summer Playoffs,,7-8,JD Gaming
LPL/2024 Season/Summer Playoffs,,9-10,LGD Gaming
LPL/2024 Season/Summer Playoffs,,9-10,ThunderTalk Gaming
LPL/2024 Season/Summer Playoffs,28208.42,5-6,Anyone's Legend
LPL/2024 Season/Summer Playoffs,28208.42,5-6,Ninjas in Pyjamas.CN
LPL/2024 Season/Summer Playoffs,42312.63,4,LNG Esports
LPL/2024 Season/Summer Playoffs,70521.05,3,Top Esports
LPL/2024 Season/Summer Playoffs,141042.09,2,Weibo Gaming
LPL/2024 Season/Summer Playoffs,282084.18,1,Bilibili Gaming
LPL/2024 Season/Summer Season,,1,Bilibili Gaming
LPL/2024 Season/Summer Season,,1,Oh My God
LPL/2024 Season/Summer Season,,2,LNG Esports
LPL/2024 Season/Summer Season,,2,ThunderTalk Gaming
LPL/2024 Season/Summer Season,,3,Rare Atom
LPL/2024 Season/Summer Season,,3,Top Esports
LPL/2024 Season/Summer Season,,4,Invictus Gaming
LPL/2024 Season/Summer Season,,4,Weibo Gaming
LPL/2024 Season/Summer Season,,5,EDward Gaming
LPL/2024 Season/Summer Season,,5,JD Gaming
LPL/2024 Season/Summer Season,,6,Anyone's Legend
LPL/2024 Season/Summer Season,,6,Ultra Prime
LPL/2024 Season/Summer Season,,7,FunPlus Phoenix
LPL/2024 Season/Summer Season,,7,Team WE
LPL/2024 Season/Summer Season,,8,LGD Gaming
LPL/2024 Season/Summer Season,,8,Royal Never Give Up
LPL/2024 Season/Summer Season,,9,Ninjas in Pyjamas.CN
LPL/2013 Season/Spring Playoffs,24300.0,4,Team WE
LPL/2013 Season/Spring Playoffs,32400.0,3,Invictus Gaming
LPL/2013 Season/Spring Playoffs,48600.0,2,Positive Energy
LPL/2013 Season/Spring Playoffs,81000.0,1,Oh My God
LPL/2013 Season/Spring Qualifier,,NQ,All Gamers
LPL/2013 Season/Spring Qualifier,,NQ,DuoDuo Club
LPL/2013 Season/Spring Qualifier,,NQ,LGD Gaming
LPL/2013 Season/Spring Qualifier,,NQ,Spiritmoon
LPL/2013 Season/Spring Qualifier,,NQ,巅峰势力
LPL/2013 Season/Spring Qualifier,,NQ,饭团
LPL/2013 Season/Spring Qualifier,,Q,Invictus Gaming
LPL/2013 Season/Spring Qualifier,,Q,Oh My God
LPL/2013 Season/Spring Qualifier,,Q,Positive Energy
LPL/2013 Season/Spring Qualifier,,Q,Team LH
LPL/2013 Season/Spring Qualifier,,Q,Wayi Spider China
LPL/2013 Season/Spring Qualifier,,Q,Wings of Aurora
LPL/2013 Season/Spring Season,,1,Invictus Gaming
LPL/2013 Season/Spring Season,,2,Oh My God
LPL/2013 Season/Spring Season,,3,Team WE
LPL/2013 Season/Spring Season,,4,Positive Energy
LPL/2013 Season/Spring Season,,5,Royal Club
LPL/2013 Season/Spring Season,,6,Team Livemore
LPL/2013 Season/Spring Season,,7,Wings of Aurora
LPL/2013 Season/Spring Season,,8,Wayi Spider China
LPL/2013 Season/Summer Playoffs,24600.0,4,Royal Club
LPL/2013 Season/Summer Playoffs,32800.0,3,Team WE
LPL/2013 Season/Summer Playoffs,49200.0,2,Oh My God
LPL/2013 Season/Summer Playoffs,82000.0,1,Positive Energy
LPL/2013 Season/Summer Season,,1,Oh My God
LPL/2013 Season/Summer Season,,2,Royal Club
LPL/2013 Season/Summer Season,,3,Positive Energy
LPL/2013 Season/Summer Season,,4,Team WE
LPL/2013 Season/Summer Season,,5,Invictus Gaming
LPL/2013 Season/Summer Season,,6,LMQ
LPL/2013 Season/Summer Season,,7,Young Glory
LPL/2013 Season/Summer Season,,8,Energy Pacemaker.HK
LPL/2014 Season/Regional Finals,,1,EDward Gaming
LPL/2014 Season/Regional Finals,,2,Star Horn Royal Club
LPL/2014 Season/Regional Finals,,3,Oh My God
LPL/2014 Season/Regional Finals,,NQ,Invictus Gaming
LPL/2014 Season/Regional Finals,,NQ,LGD Gaming
LPL/2014 Season/Spring Playoffs,24000.0,4,Team WE
LPL/2014 Season/Spring Playoffs,32000.0,3,Oh My God
LPL/2014 Season/Spring Playoffs,48000.0,2,Invictus Gaming
LPL/2014 Season/Spring Playoffs,80000.0,1,EDward Gaming
LPL/2014 Season/Spring Promotion,,NQ,Vici Gaming
LPL/2014 Season/Spring Promotion,,NQ,Young Glory
LPL/2014 Season/Spring Promotion,,Q,Energy Pacemaker.HK
LPL/2014 Season/Spring Promotion,,Q,LGD Gaming
LPL/2014 Season/Spring Season,,1,Oh My God
LPL/2014 Season/Spring Season,,2,EDward Gaming
LPL/2014 Season/Spring Season,,3,Team WE
LPL/2014 Season/Spring Season,,4,Invictus Gaming
LPL/2014 Season/Spring Season,,5,LGD Gaming
LPL/2014 Season/Spring Season,,6,Royal Club
LPL/2014 Season/Spring Season,,7,Energy Pacemaker.HK
LPL/2014 Season/Spring Season,,8,Positive Energy
LPL/2014 Season/Summer Playoffs,24300.0,4,LGD Gaming
LPL/2014 Season/Summer Playoffs,32400.0,3,Star Horn Royal Club
LPL/2014 Season/Summer Playoffs,48600.0,2,Oh My God
LPL/2014 Season/Summer Playoffs,81000.0,1,EDward Gaming
LPL/2014 Season/Summer Season,,1,EDward Gaming
LPL/2014 Season/Summer Season,,2,Oh My God
LPL/2014 Season/Summer Season,,3,Star Horn Royal Club
LPL/2014 Season/Summer Season,,4,LGD Gaming
LPL/2014 Season/Summer Season,,5,Team WE
LPL/2014 Season/Summer Season,,6,Invictus Gaming
LPL/2014 Season/Summer Season,,7,Young Glory
LPL/2014 Season/Summer Season,,8,Team WE Academy
LPL/2015 Season/Regional Finals,,1,EDward Gaming
LPL/2015 Season/Regional Finals,,2,Invictus Gaming
LPL/2015 Season/Regional Finals,,3,Qiao Gu Reapers
LPL/2015 Season/Regional Finals,,4,Snake Esports
LPL/2015 Season/Spring Playoffs,20125.0,5-8,Oh My God
LPL/2015 Season/Spring Playoffs,20125.0,5-8,Team King
LPL/2015 Season/Spring Playoffs,20125.0,5-8,Team WE
LPL/2015 Season/Spring Playoffs,20125.0,5-8,Vici Gaming
LPL/2015 Season/Spring Playoffs,32200.0,4,Snake Esports
LPL/2015 Season/Spring Playoffs,40250.0,3,Invictus Gaming
LPL/2015 Season/Spring Playoffs,64400.0,2,LGD Gaming
LPL/2015 Season/Spring Playoffs,128800.0,1,EDward Gaming
LPL/2015 Season/Spring Promotion,,NQ,Energy Pacemaker.Carries
LPL/2015 Season/Spring Promotion,,NQ,Team DK
LPL/2015 Season/Spring Promotion,,NQ,Wings of Aurora
LPL/2015 Season/Spring Promotion,,NQ,Young Glory
LPL/2015 Season/Spring Promotion,,Q,Energy Pacemaker
LPL/2015 Season/Spring Promotion,,Q,Gamtee Fenghui
LPL/2015 Season/Spring Promotion,,Q,Team WE Academy
LPL/2015 Season/Spring Promotion,,Q,Vici Stand Gaming
LPL/2015 Season/Spring Season,,1,EDward Gaming
LPL/2015 Season/Spring Season,,2,Snake Esports
LPL/2015 Season/Spring Season,,3,Oh My God
LPL/2015 Season/Spring Season,,4,Vici Gaming
LPL/2015 Season/Spring Season,,5,Invictus Gaming
LPL/2015 Season/Spring Season,,6,LGD Gaming
LPL/2015 Season/Spring Season,,7,Team King
LPL/2015 Season/Spring Season,,8,Team WE
LPL/2015 Season/Spring Season,8050.0,9-12,Energy Pacemaker
LPL/2015 Season/Spring Season,8050.0,9-12,Gamtee
LPL/2015 Season/Spring Season,8050.0,9-12,Masters 3
LPL/2015 Season/Spring Season,8050.0,9-12,Star Horn Royal Club
LPL/2015 Season/Summer Playoffs,15600.0,7,Oh My God
LPL/2015 Season/Summer Playoffs,15600.0,8,Masters 3
LPL/2015 Season/Summer Playoffs,23400.0,5-6,Snake Esports
LPL/2015 Season/Summer Playoffs,23400.0,5-6,Vici Gaming
LPL/2015 Season/Summer Playoffs,31200.0,4,EDward Gaming
LPL/2015 Season/Summer Playoffs,39000.0,3,Invictus Gaming
LPL/2015 Season/Summer Playoffs,62400.0,2,Qiao Gu Reapers
LPL/2015 Season/Summer Playoffs,124800.0,1,LGD Gaming
LPL/2015 Season/Summer Promotion,,NQ,AD Gaming
LPL/2015 Season/Summer Promotion,,NQ,Energy Pacemaker
LPL/2015 Season/Summer Promotion,,NQ,Kx.Happy
LPL/2015 Season/Summer Promotion,,NQ,Legend Dragon
LPL/2015 Season/Summer Promotion,,NQ,Star Horn Royal Club
LPL/2015 Season/Summer Promotion,,NQ,Young Glory
LPL/2015 Season/Summer Promotion,,Q,Gamtee
LPL/2015 Season/Summer Promotion,,Q,Masters 3
LPL/2015 Season/Summer Season,,1,EDward Gaming
LPL/2015 Season/Summer Season,,2,Qiao Gu Reapers
LPL/2015 Season/Summer Season,,3,Invictus Gaming
LPL/2015 Season/Summer Season,,4,Snake Esports
LPL/2015 Season/Summer Season,,5,LGD Gaming
LPL/2015 Season/Summer Season,,6,Vici Gaming
LPL/2015 Season/Summer Season,,7,Oh My God
LPL/2015 Season/Summer Season,,8,Masters 3
LPL/2015 Season/Summer Season,8050.0,9-12,Royal Never Give Up
LPL/2015 Season/Summer Season,8050.0,9-12,Team King
LPL/2015 Season/Summer Season,8050.0,9-12,Team WE
LPL/2015 Season/Summer Season,8050.0,9-12,Unlimited Potential
LPL/2016 Season/Regional Finals,,1,I May
LPL/2016 Season/Regional Finals,,2,Team WE
LPL/2016 Season/Regional Finals,,3,Snake Esports
LPL/2016 Season/Regional Finals,,4,Vici Gaming
LPL/2016 Season/Spring Playoffs,,7-8,Invictus Gaming
LPL/2016 Season/Spring Playoffs,,7-8,LGD Gaming
LPL/2016 Season/Spring Playoffs,30600.0,5-6,Snake Esports
LPL/2016 Season/Spring Playoffs,30600.0,5-6,Vici Gaming
LPL/2016 Season/Spring Playoffs,45900.0,4,Qiao Gu Reapers
LPL/2016 Season/Spring Playoffs,76500.0,3,Team WE
LPL/2016 Season/Spring Playoffs,122400.0,2,EDward Gaming
LPL/2016 Season/Spring Playoffs,229500.0,1,Royal Never Give Up
LPL/2016 Season/Spring Promotion,,NQ,2144 Danmu Gaming
LPL/2016 Season/Spring Promotion,,NQ,Newbee
LPL/2016 Season/Spring Promotion,,NQ,Team King
LPL/2016 Season/Spring Promotion,,NQ,Team WE Future
LPL/2016 Season/Spring Promotion,,NQ,Unlimited Potential
LPL/2016 Season/Spring Promotion,,NQ,Young Glory
LPL/2016 Season/Spring Promotion,,Q,Royal Never Give Up
LPL/2016 Season/Spring Promotion,,Q,Team WE
LPL/2016 Season/Spring Season,,1,Qiao Gu Reapers
LPL/2016 Season/Spring Season,,1,Royal Never Give Up
LPL/2016 Season/Spring Season,,2,EDward Gaming
LPL/2016 Season/Spring Season,,2,Team WE
LPL/2016 Season/Spring Season,,3,Snake Esports
LPL/2016 Season/Spring Season,,3,Vici Gaming
LPL/2016 Season/Spring Season,,4,Invictus Gaming
LPL/2016 Season/Spring Season,,4,LGD Gaming
LPL/2016 Season/Spring Season,,5,Energy Pacemaker.All
LPL/2016 Season/Spring Season,,5,Oh My God
LPL/2016 Season/Spring Season,,6,Hyper Youth Gaming
LPL/2016 Season/Spring Season,,6,Masters 3
LPL/2016 Season/Summer Playoffs,,7-8,Game Talents
LPL/2016 Season/Summer Playoffs,,7-8,Invictus Gaming
LPL/2016 Season/Summer Playoffs,31200.0,5-6,Snake Esports
LPL/2016 Season/Summer Playoffs,31200.0,5-6,Vici Gaming
LPL/2016 Season/Summer Playoffs,46800.0,4,Team WE
LPL/2016 Season/Summer Playoffs,78000.0,3,I May
LPL/2016 Season/Summer Playoffs,124800.0,2,Royal Never Give Up
LPL/2016 Season/Summer Playoffs,234000.0,1,EDward Gaming
LPL/2016 Season/Summer Promotion,,NQ,Masters 3
LPL/2016 Season/Summer Promotion,,NQ,MF Gaming
LPL/2016 Season/Summer Promotion,,NQ,Young Miracles
LPL/2016 Season/Summer Promotion,,Q,Energy Pacemaker.All
LPL/2016 Season/Summer Promotion,,Q,Hyper Youth Gaming
LPL/2016 Season/Summer Promotion,,Q,Oh My God
LPL/2016 Season/Summer Season,,1,EDward Gaming
LPL/2016 Season/Summer Season,,1,Royal Never Give Up
LPL/2016 Season/Summer Season,,2,Snake Esports
LPL/2016 Season/Summer Season,,2,Team WE
LPL/2016 Season/Summer Season,,3,Game Talents
LPL/2016 Season/Summer Season,,3,I May
LPL/2016 Season/Summer Season,,4,Invictus Gaming
LPL/2016 Season/Summer Season,,4,Vici Gaming
LPL/2016 Season/Summer Season,,5,LGD Gaming
LPL/2016 Season/Summer Season,,5,Newbee
LPL/2016 Season/Summer Season,,6,Oh My God
LPL/2016 Season/Summer Season,,6,Saint Gaming
LPL/2017 Season/Regional Finals,,1,Team WE
LPL/2017 Season/Regional Finals,,2,Invictus Gaming
LPL/2017 Season/Regional Finals,,3,Oh My God
LPL/2017 Season/Spring Playoffs,,7-8,Invictus Gaming
LPL/2017 Season/Spring Playoffs,,7-8,QG Reapers
LPL/2017 Season/Spring Playoffs,29000.0,5-6,I May
LPL/2017 Season/Spring Playoffs,29000.0,5-6,Newbee
LPL/2017 Season/Spring Playoffs,43500.0,4,Oh My God
LPL/2017 Season/Spring Playoffs,72500.0,3,EDward Gaming
LPL/2017 Season/Spring Playoffs,116000.0,2,Royal Never Give Up
LPL/2017 Season/Spring Playoffs,217500.0,1,Team WE
LPL/2017 Season/Spring Promotion,,NQ,Saint Gaming
LPL/2017 Season/Spring Promotion,,NQ,Star Horn Royal Club
LPL/2017 Season/Spring Promotion,,NQ,Young Miracles
LPL/2017 Season/Spring Promotion,,Q,LGD Gaming
LPL/2017 Season/Spring Promotion,,Q,Newbee
LPL/2017 Season/Spring Promotion,,Q,Oh My God
LPL/2017 Season/Spring Season,,1,Royal Never Give Up
LPL/2017 Season/Spring Season,,1,Team WE
LPL/2017 Season/Spring Season,,2,EDward Gaming
LPL/2017 Season/Spring Season,,2,Oh My God
LPL/2017 Season/Spring Season,,3,Invictus Gaming
LPL/2017 Season/Spring Season,,3,QG Reapers
LPL/2017 Season/Spring Season,,4,I May
LPL/2017 Season/Spring Season,,4,Newbee
LPL/2017 Season/Spring Season,,5,Snake Esports
LPL/2017 Season/Spring Season,,5,Vici Gaming
LPL/2017 Season/Spring Season,,6,Game Talents
LPL/2017 Season/Spring Season,,6,LGD Gaming
LPL/2017 Season/Summer Playoffs,,7-8,Snake Esports
LPL/2017 Season/Summer Playoffs,,7-8,Suning
LPL/2017 Season/Summer Playoffs,30400.0,5,Oh My God
LPL/2017 Season/Summer Playoffs,30400.0,6,Newbee
LPL/2017 Season/Summer Playoffs,45600.0,4,Team WE
LPL/2017 Season/Summer Playoffs,76000.0,3,Invictus Gaming
LPL/2017 Season/Summer Playoffs,121600.0,2,Royal Never Give Up
LPL/2017 Season/Summer Playoffs,228000.0,1,EDward Gaming
LPL/2017 Season/Summer Promotion,,NQ,Game Talents
LPL/2017 Season/Summer Promotion,,NQ,Vici Gaming
LPL/2017 Season/Summer Promotion,,NQ,Young Miracles
LPL/2017 Season/Summer Promotion,,Q,DAN Gaming
LPL/2017 Season/Summer Promotion,,Q,LGD Gaming
LPL/2017 Season/Summer Promotion,,Q,Snake Esports
LPL/2017 Season/Summer Season,,1,EDward Gaming
LPL/2017 Season/Summer Season,,1,Royal Never Give Up
LPL/2017 Season/Summer Season,,2,Oh My God
LPL/2017 Season/Summer Season,,2,Team WE
LPL/2017 Season/Summer Season,,3,Invictus Gaming
LPL/2017 Season/Summer Season,,3,Newbee
LPL/2017 Season/Summer Season,,4,Snake Esports
LPL/2017 Season/Summer Season,,4,Suning
LPL/2017 Season/Summer Season,,5,I May
LPL/2017 Season/Summer Season,,5,JD Gaming
LPL/2017 Season/Summer Season,,6,DAN Gaming
LPL/2017 Season/Summer Season,,6,LGD Gaming
LPL/2018 Season/Regional Finals,,1,EDward Gaming
LPL/2018 Season/Regional Finals,,2,Rogue Warriors
LPL/2018 Season/Regional Finals,,3,JD Gaming
LPL/2018 Season/Spring Playoffs,,7-8,JD Gaming
LPL/2018 Season/Spring Playoffs,,7-8,Team WE
LPL/2018 Season/Spring Playoffs,31584.59,5-6,Bilibili Gaming
LPL/2018 Season/Spring Playoffs,31584.59,5-6,Snake Esports
LPL/2018 Season/Spring Playoffs,47376.88,4,Invictus Gaming
LPL/2018 Season/Spring Playoffs,78961.47,3,Rogue Warriors
LPL/2018 Season/Spring Playoffs,126338.35,2,EDward Gaming
LPL/2018 Season/Spring Playoffs,236884.41,1,Royal Never Give Up
LPL/2018 Season/Spring Season,,1,EDward Gaming
LPL/2018 Season/Spring Season,,1,Invictus Gaming
LPL/2018 Season/Spring Season,,2,Rogue Warriors
LPL/2018 Season/Spring Season,,2,Snake Esports
LPL/2018 Season/Spring Season,,3,Bilibili Gaming
LPL/2018 Season/Spring Season,,3,Royal Never Give Up
LPL/2018 Season/Spring Season,,4,JD Gaming
LPL/2018 Season/Spring Season,,4,Team WE
LPL/2018 Season/Spring Season,,5,FunPlus Phoenix
LPL/2018 Season/Spring Season,,5,Suning
LPL/2018 Season/Spring Season,,6,LGD Gaming
LPL/2018 Season/Spring Season,,6,Oh My God
LPL/2018 Season/Spring Season,,7,Topsports Gaming
LPL/2018 Season/Spring Season,,7,Vici Gaming
LPL/2018 Season/Summer Playoffs,,7-8,FunPlus Phoenix
LPL/2018 Season/Summer Playoffs,,7-8,Suning
LPL/2018 Season/Summer Playoffs,29122.82,5,EDward Gaming
LPL/2018 Season/Summer Playoffs,29122.82,6,Topsports Gaming
LPL/2018 Season/Summer Playoffs,43684.22,4,Rogue Warriors
LPL/2018 Season/Summer Playoffs,72807.04,3,JD Gaming
LPL/2018 Season/Summer Playoffs,116491.26,2,Invictus Gaming
LPL/2018 Season/Summer Playoffs,218421.12,1,Royal Never Give Up
LPL/2018 Season/Summer Season,,1,Invictus Gaming
LPL/2018 Season/Summer Season,,1,Rogue Warriors
LPL/2018 Season/Summer Season,,2,EDward Gaming
LPL/2018 Season/Summer Season,,2,Royal Never Give Up
LPL/2018 Season/Summer Season,,3,JD Gaming
LPL/2018 Season/Summer Season,,3,Topsports Gaming
LPL/2018 Season/Summer Season,,4,FunPlus Phoenix
LPL/2018 Season/Summer Season,,4,Suning
LPL/2018 Season/Summer Season,,5,LGD Gaming
LPL/2018 Season/Summer Season,,5,Snake Esports
LPL/2018 Season/Summer Season,,6,Bilibili Gaming
LPL/2018 Season/Summer Season,,6,Team WE
LPL/2018 Season/Summer Season,,7,Oh My God
LPL/2018 Season/Summer Season,,7,Vici Gaming
LPL/2019 Season/Regional Finals,,1,Invictus Gaming
LPL/2019 Season/Regional Finals,,2,Top Esports
LPL/2019 Season/Regional Finals,,3,JD Gaming
LPL/2019 Season/Spring Playoffs,,1,Invictus Gaming
LPL/2019 Season/Spring Playoffs,,2,JD Gaming
LPL/2019 Season/Spring Playoffs,,3,FunPlus Phoenix
LPL/2019 Season/Spring Playoffs,,4,Topsports Gaming
LPL/2019 Season/Spring Playoffs,,5-6,Royal Never Give Up
LPL/2019 Season/Spring Playoffs,,5-6,SinoDragon Gaming
LPL/2019 Season/Spring Playoffs,,7-8,EDward Gaming
LPL/2019 Season/Spring Playoffs,,7-8,Team WE
LPL/2019 Season/Spring Season,,1,FunPlus Phoenix
LPL/2019 Season/Spring Season,,10,Suning
LPL/2019 Season/Spring Season,,11,LGD Gaming
LPL/2019 Season/Spring Season,,12,Snake Esports
LPL/2019 Season/Spring Season,,13,Victory Five
LPL/2019 Season/Spring Season,,14,Oh My God
LPL/2019 Season/Spring Season,,15,Rogue Warriors
LPL/2019 Season/Spring Season,,16,Vici Gaming
LPL/2019 Season/Spring Season,,2,Invictus Gaming
LPL/2019 Season/Spring Season,,3,Topsports Gaming
LPL/2019 Season/Spring Season,,4,Royal Never Give Up
LPL/2019 Season/Spring Season,,5,Team WE
LPL/2019 Season/Spring Season,,6,SinoDragon Gaming
LPL/2019 Season/Spring Season,,7,EDward Gaming
LPL/2019 Season/Spring Season,,8,JD Gaming
LPL/2019 Season/Spring Season,,9,Bilibili Gaming
LPL/2019 Season/Summer Playoffs,,7-8,Invictus Gaming
LPL/2019 Season/Summer Playoffs,,7-8,Suning
LPL/2019 Season/Summer Playoffs,28111.6,5,EDward Gaming
LPL/2019 Season/Summer Playoffs,28111.6,6,LNG Esports
LPL/2019 Season/Summer Playoffs,42167.4,4,Bilibili Gaming
LPL/2019 Season/Summer Playoffs,70279.0,3,Top Esports
LPL/2019 Season/Summer Playoffs,112446.4,2,Royal Never Give Up
LPL/2019 Season/Summer Playoffs,210837.0,1,FunPlus Phoenix
LPL/2019 Season/Summer Season,,1,FunPlus Phoenix
LPL/2019 Season/Summer Season,,10,JD Gaming
LPL/2019 Season/Summer Season,,11,Dominus Esports
LPL/2019 Season/Summer Season,,12,Victory Five
LPL/2019 Season/Summer Season,,13,Rogue Warriors
LPL/2019 Season/Summer Season,,14,LGD Gaming
LPL/2019 Season/Summer Season,,15,Vici Gaming
LPL/2019 Season/Summer Season,,16,Oh My God
LPL/2019 Season/Summer Season,,2,Top Esports
LPL/2019 Season/Summer Season,,3,Royal Never Give Up
LPL/2019 Season/Summer Season,,4,Bilibili Gaming
LPL/2019 Season/Summer Season,,5,EDward Gaming
LPL/2019 Season/Summer Season,,6,Invictus Gaming
LPL/2019 Season/Summer Season,,7,LNG Esports
LPL/2019 Season/Summer Season,,8,Suning
LPL/2019 Season/Summer Season,,9,Team WE
LPL/2020 Season/Regional Finals,,1,Suning
LPL/2020 Season/Regional Finals,,2,LGD Gaming
LPL/2020 Season/Regional Finals,,3,Invictus Gaming
LPL/2020 Season/Regional Finals,,4,FunPlus Phoenix
LPL/2020 Season/Spring Playoffs,,7-8,eStar (Chinese Team)
LPL/2020 Season/Spring Playoffs,,7-8,Royal Never Give Up
LPL/2020 Season/Spring Playoffs,28323.77,5-6,EDward Gaming
LPL/2020 Season/Spring Playoffs,28323.77,5-6,Team WE
LPL/2020 Season/Spring Playoffs,42485.65,4,Invictus Gaming
LPL/2020 Season/Spring Playoffs,70809.42,3,FunPlus Phoenix
LMS/2017 Season/Regional Finals,,3-4,J Team
LMS/2017 Season/Regional Finals,,3-4,Machi Esports
LMS/2018 Season/Regional Finals,,1,G-Rex
LMS/2018 Season/Regional Finals,,2,J Team
LMS/2018 Season/Regional Finals,,3-4,Hong Kong Attitude
LMS/2018 Season/Regional Finals,,3-4,Machi Esports
LMS/2019 Season/Regional Finals,,1,Hong Kong Attitude
LMS/2019 Season/Regional Finals,,2,G-Rex
LMS/2019 Season/Regional Finals,,3-4,Flash Wolves
LMS/2019 Season/Regional Finals,,3-4,MAD Team
LMS/2016 Season/Regional Finals,,1,ahq eSports Club
LMS/2016 Season/Regional Finals,,2,Machi Esports
LMS/2016 Season/Regional Finals,,3-4,Hong Kong Esports
LMS/2016 Season/Regional Finals,,3-4,J Team
LMS/2017 Season/Regional Finals,,1,Hong Kong Attitude
LMS/2017 Season/Regional Finals,,2,Raise Gaming
LEC/2022 Season/Summer Season,,1,G2 Esports
LEC/2022 Season/Summer Season,,10,Team BDS
LEC/2022 Season/Summer Season,,2,MAD Lions
LEC/2022 Season/Summer Season,,3,Rogue (European Team)
LEC/2022 Season/Summer Season,,4,Misfits Gaming
LEC/2022 Season/Summer Season,,5,Fnatic
LEC/2022 Season/Summer Season,,6,Excel Esports
LEC/2022 Season/Summer Season,,7,Team Vitality
LEC/2022 Season/Summer Season,,8,SK Gaming
LEC/2022 Season/Summer Season,,9,Astralis
LEC/2023 Season/Season Finals,,1,G2 Esports
LEC/2023 Season/Season Finals,,2,Fnatic
LEC/2023 Season/Season Finals,,3,MAD Lions
LEC/2023 Season/Season Finals,,4,Team BDS
LEC/2023 Season/Season Finals,,5,Excel Esports
LEC/2023 Season/Season Finals,,6,SK Gaming
LEC/2023 Season/Spring Groups,,5,Astralis
LEC/2023 Season/Spring Groups,,6,KOI (Spanish Team)
LEC/2023 Season/Spring Groups,,7,SK Gaming
LEC/2023 Season/Spring Groups,,8,Fnatic
LEC/2023 Season/Spring Playoffs,,1,MAD Lions
LEC/2023 Season/Spring Playoffs,,2,Team BDS
LEC/2023 Season/Spring Playoffs,,3,Team Vitality
LEC/2023 Season/Spring Playoffs,,4,G2 Esports
LEC/2023 Season/Spring Season,,1,Team BDS
LEC/2023 Season/Spring Season,,10,Excel Esports
LEC/2023 Season/Spring Season,,2,Astralis
LEC/2023 Season/Spring Season,,3,G2 Esports
LEC/2023 Season/Spring Season,,4,Team Vitality
LEC/2023 Season/Spring Season,,5,SK Gaming
LEC/2023 Season/Spring Season,,6,Fnatic
LEC/2023 Season/Spring Season,,7,KOI (Spanish Team)
LEC/2023 Season/Spring Season,,8,MAD Lions
LEC/2023 Season/Spring Season,,9,Team Heretics
LEC/2023 Season/Summer Groups,,5,Team BDS
LEC/2023 Season/Summer Groups,,6,SK Gaming
LEC/2023 Season/Summer Groups,,7,MAD Lions
LEC/2023 Season/Summer Groups,,8,KOI (Spanish Team)
LEC/2023 Season/Summer Playoffs,,1,G2 Esports
LEC/2023 Season/Summer Playoffs,,2,Excel Esports
LEC/2023 Season/Summer Playoffs,,3,Fnatic
LEC/2023 Season/Summer Playoffs,,4,Team Heretics
LEC/2023 Season/Summer Season,,1,G2 Esports
LEC/2023 Season/Summer Season,,10,Team Vitality
LEC/2023 Season/Summer Season,,2,Fnatic
LEC/2023 Season/Summer Season,,3,Excel Esports
LEC/2023 Season/Summer Season,,4,Team Heretics
LEC/2023 Season/Summer Season,,5,Team BDS
LEC/2023 Season/Summer Season,,6,SK Gaming
LEC/2023 Season/Summer Season,,7,MAD Lions
LEC/2023 Season/Summer Season,,8,KOI (Spanish Team)
LEC/2023 Season/Summer Season,,9,Astralis
LEC/2023 Season/Winter Groups,,5,Team Vitality
LEC/2023 Season/Winter Groups,,6,Astralis
LEC/2023 Season/Winter Groups,,7,Team BDS
LEC/2023 Season/Winter Groups,,8,Team Heretics
LEC/2023 Season/Winter Playoffs,,1,G2 Esports
LEC/2023 Season/Winter Playoffs,,2,MAD Lions
LEC/2023 Season/Winter Playoffs,,3,KOI (Spanish Team)
LEC/2023 Season/Winter Playoffs,,4,SK Gaming
LEC/2023 Season/Winter Season,,1,Team Vitality
LEC/2023 Season/Winter Season,,10,Excel Esports
LEC/2023 Season/Winter Season,,2,MAD Lions
LEC/2023 Season/Winter Season,,3,SK Gaming
LEC/2023 Season/Winter Season,,4,G2 Esports
LEC/2023 Season/Winter Season,,5,Team BDS
LEC/2023 Season/Winter Season,,6,Team Heretics
LEC/2023 Season/Winter Season,,7,KOI (Spanish Team)
LEC/2023 Season/Winter Season,,8,Astralis
LEC/2023 Season/Winter Season,,9,Fnatic
LEC/2024 Season/Season Finals,,1,G2 Esports
LEC/2024 Season/Season Finals,,2,Fnatic
LEC/2024 Season/Season Finals,,3,MAD Lions KOI
LEC/2024 Season/Season Finals,,4,Team BDS
LEC/2024 Season/Season Finals,,5,SK Gaming
LEC/2024 Season/Season Finals,,6,GIANTX
LEC/2024 Season/Spring Playoffs,,1,G2 Esports
LEC/2024 Season/Spring Playoffs,,2,Fnatic
LEC/2024 Season/Spring Playoffs,,3,Team BDS
LEC/2024 Season/Spring Playoffs,,4,Team Vitality
LEC/2024 Season/Spring Playoffs,,5,Team Heretics
LEC/2024 Season/Spring Playoffs,,6,MAD Lions KOI
LEC/2024 Season/Spring Playoffs,,7,SK Gaming
LEC/2024 Season/Spring Playoffs,,8,GIANTX
LEC/2024 Season/Spring Season,,1,Fnatic
LEC/2024 Season/Spring Season,,10,Karmine Corp
LEC/2024 Season/Spring Season,,2,Team Vitality
LEC/2024 Season/Spring Season,,3,G2 Esports
LEC/2024 Season/Spring Season,,4,Team Heretics
LEC/2024 Season/Spring Season,,5,Team BDS
LEC/2024 Season/Spring Season,,6,GIANTX
LEC/2024 Season/Spring Season,,7,MAD Lions KOI
LEC/2024 Season/Spring Season,,8,SK Gaming
LEC/2024 Season/Spring Season,,9,Rogue (European Team)
LEC/2024 Season/Summer Playoffs,,1,G2 Esports
LEC/2024 Season/Summer Playoffs,,2,Fnatic
LEC/2024 Season/Summer Playoffs,,3,Team BDS
LEC/2024 Season/Summer Playoffs,,4,Karmine Corp
LEC/2024 Season/Summer Playoffs,,5,SK Gaming
LEC/2024 Season/Summer Playoffs,,6,GIANTX
LEC/2024 Season/Summer Playoffs,,7,MAD Lions KOI
LEC/2024 Season/Summer Playoffs,,8,Team Heretics
LEC/2024 Season/Summer Season,,1,SK Gaming
LEC/2024 Season/Summer Season,,10,Rogue (European Team)
LEC/2024 Season/Summer Season,,2,Team BDS
LEC/2024 Season/Summer Season,,3,G2 Esports
LEC/2024 Season/Summer Season,,4,Fnatic
LEC/2024 Season/Summer Season,,5,Karmine Corp
LEC/2024 Season/Summer Season,,6,Team Heretics
LEC/2024 Season/Summer Season,,7,GIANTX
LEC/2024 Season/Summer Season,,8,MAD Lions KOI
LEC/2024 Season/Summer Season,,9,Team Vitality
LEC/2024 Season/Winter Playoffs,,1,G2 Esports
LEC/2024 Season/Winter Playoffs,,2,MAD Lions KOI
LEC/2024 Season/Winter Playoffs,,3,Team BDS
LEC/2024 Season/Winter Playoffs,,4,Fnatic
LEC/2024 Season/Winter Playoffs,,5,SK Gaming
LEC/2024 Season/Winter Playoffs,,6,Team Vitality
LEC/2024 Season/Winter Playoffs,,7,Team Heretics
LEC/2024 Season/Winter Playoffs,,8,GIANTX
LEC/2024 Season/Winter Season,,1,G2 Esports
LEC/2024 Season/Winter Season,,10,Karmine Corp
LEC/2024 Season/Winter Season,,2,Team BDS
LEC/2024 Season/Winter Season,,3,SK Gaming
LEC/2024 Season/Winter Season,,4,MAD Lions KOI
LEC/2024 Season/Winter Season,,5,Fnatic
LEC/2024 Season/Winter Season,,6,Team Vitality
LEC/2024 Season/Winter Season,,7,Team Heretics
LEC/2024 Season/Winter Season,,8,GIANTX
LEC/2024 Season/Winter Season,,9,Rogue (European Team)
LEC/2019 Season/Regional Finals,,1,Fnatic
LEC/2019 Season/Regional Finals,,2,Splyce
LEC/2019 Season/Regional Finals,,3,FC Schalke 04 Esports
LEC/2019 Season/Regional Finals,,4,Origen
LEC/2019 Season/Spring Playoffs,,1,G2 Esports
LEC/2019 Season/Spring Playoffs,,2,Origen
LEC/2019 Season/Spring Playoffs,,3,Fnatic
LEC/2019 Season/Spring Playoffs,,4,Splyce
LEC/2019 Season/Spring Playoffs,,5-6,SK Gaming
LEC/2019 Season/Spring Playoffs,,5-6,Team Vitality
LEC/2019 Season/Spring Season,,1,G2 Esports
LEC/2019 Season/Spring Season,,10,Rogue (European Team)
LEC/2019 Season/Spring Season,,2,Origen
LEC/2019 Season/Spring Season,,3,Fnatic
LEC/2019 Season/Spring Season,,4,Splyce
LEC/2019 Season/Spring Season,,5,Team Vitality
LEC/2019 Season/Spring Season,,6,SK Gaming
LEC/2019 Season/Spring Season,,7,FC Schalke 04 Esports
LEC/2019 Season/Spring Season,,8,Misfits Gaming
LEC/2019 Season/Spring Season,,9,Excel Esports
LEC/2019 Season/Summer Playoffs,11145.3,5-6,Splyce
LEC/2019 Season/Summer Playoffs,11145.3,5-6,Team Vitality
LEC/2019 Season/Summer Playoffs,22290.6,4,Rogue (European Team)
LEC/2019 Season/Summer Playoffs,33435.9,3,FC Schalke 04 Esports
LEC/2019 Season/Summer Playoffs,55726.5,2,Fnatic
LEC/2019 Season/Summer Playoffs,89162.4,1,G2 Esports
LEC/2019 Season/Summer Season,,1,G2 Esports
LEC/2019 Season/Summer Season,,10,Excel Esports
LEC/2019 Season/Summer Season,,2,Fnatic
LEC/2019 Season/Summer Season,,3,Splyce
LEC/2019 Season/Summer Season,,4,FC Schalke 04 Esports
LEC/2019 Season/Summer Season,,5,Rogue (European Team)
LEC/2019 Season/Summer Season,,6,Team Vitality
LEC/2019 Season/Summer Season,,7,SK Gaming
LEC/2019 Season/Summer Season,,8,Origen
LEC/2019 Season/Summer Season,,9,Misfits Gaming
LEC/2020 Season/Spring Playoffs,8156.23,6,Misfits Gaming
LEC/2020 Season/Spring Playoffs,13593.71,5,Rogue (European Team)
LEC/2020 Season/Spring Playoffs,21749.93,4,Origen
LEC/2020 Season/Spring Playoffs,32624.9,3,MAD Lions
LEC/2020 Season/Spring Playoffs,54374.83,2,Fnatic
LEC/2020 Season/Spring Playoffs,86999.73,1,G2 Esports
LEC/2020 Season/Spring Season,,1,G2 Esports
LEC/2020 Season/Spring Season,,10,Team Vitality
LEC/2020 Season/Spring Season,,2,Fnatic
LEC/2020 Season/Spring Season,,3,Origen
LEC/2020 Season/Spring Season,,4,MAD Lions
LEC/2020 Season/Spring Season,,5,Misfits Gaming
LEC/2020 Season/Spring Season,,6,Rogue (European Team)
LEC/2020 Season/Spring Season,,7,Excel Esports
LEC/2020 Season/Spring Season,,8,FC Schalke 04 Esports
LEC/2020 Season/Spring Season,,9,SK Gaming
LEC/2020 Season/Summer Playoffs,8832.3,6,SK Gaming
LEC/2020 Season/Summer Playoffs,14720.5,5,FC Schalke 04 Esports
LEC/2020 Season/Summer Playoffs,23552.8,4,MAD Lions
LEC/2020 Season/Summer Playoffs,35329.2,3,Rogue (European Team)
LEC/2020 Season/Summer Playoffs,58882.0,2,Fnatic
LEC/2020 Season/Summer Playoffs,94211.2,1,G2 Esports
LEC/2020 Season/Summer Season,,1,Rogue (European Team)
LEC/2020 Season/Summer Season,,10,Origen
LEC/2020 Season/Summer Season,,2,MAD Lions
LEC/2020 Season/Summer Season,,3,G2 Esports
LEC/2020 Season/Summer Season,,4,Fnatic
LEC/2020 Season/Summer Season,,5,SK Gaming
LEC/2020 Season/Summer Season,,6,FC Schalke 04 Esports
LEC/2020 Season/Summer Season,,7,Excel Esports
LEC/2020 Season/Summer Season,,8,Misfits Gaming
LEC/2020 Season/Summer Season,,9,Team Vitality
LEC/2021 Season/Spring Playoffs,8156.23,6,SK Gaming
LEC/2021 Season/Spring Playoffs,13593.71,5,Fnatic
LEC/2021 Season/Spring Playoffs,21749.93,4,FC Schalke 04 Esports
LEC/2021 Season/Spring Playoffs,32624.9,3,G2 Esports
LEC/2021 Season/Spring Playoffs,54374.83,2,Rogue (European Team)
LEC/2021 Season/Spring Playoffs,86999.73,1,MAD Lions
LEC/2021 Season/Spring Season,,1,G2 Esports
LEC/2021 Season/Spring Season,,10,Team Vitality
LEC/2021 Season/Spring Season,,2,Rogue (European Team)
LEC/2021 Season/Spring Season,,3,MAD Lions
LEC/2021 Season/Spring Season,,4,FC Schalke 04 Esports
LEC/2021 Season/Spring Season,,5,Fnatic
LEC/2021 Season/Spring Season,,6,SK Gaming
LEC/2021 Season/Spring Season,,7,Misfits Gaming
LEC/2021 Season/Spring Season,,8,Excel Esports
LEC/2021 Season/Spring Season,,9,Astralis
LEC/2021 Season/Summer Playoffs,,1,MAD Lions
LEC/2021 Season/Summer Playoffs,,2,Fnatic
LEC/2021 Season/Summer Playoffs,,3,Rogue (European Team)
LEC/2021 Season/Summer Playoffs,,4,G2 Esports
LEC/2021 Season/Summer Playoffs,,5,Misfits Gaming
LEC/2021 Season/Summer Playoffs,,6,Team Vitality
LEC/2021 Season/Summer Season,,1,Rogue (European Team)
LEC/2021 Season/Summer Season,,10,FC Schalke 04 Esports
LEC/2021 Season/Summer Season,,2,G2 Esports
LEC/2021 Season/Summer Season,,3,MAD Lions
LEC/2021 Season/Summer Season,,4,Misfits Gaming
LEC/2021 Season/Summer Season,,5,Fnatic
LEC/2021 Season/Summer Season,,6,Team Vitality
LEC/2021 Season/Summer Season,,7-8,Astralis
LEC/2021 Season/Summer Season,,7-8,Excel Esports
LEC/2021 Season/Summer Season,,9,SK Gaming
LEC/2022 Season/Spring Playoffs,,1,G2 Esports
LEC/2022 Season/Spring Playoffs,,2,Rogue (European Team)
LEC/2022 Season/Spring Playoffs,,3,Fnatic
LEC/2022 Season/Spring Playoffs,,4,Misfits Gaming
LEC/2022 Season/Spring Playoffs,,5,Team Vitality
LEC/2022 Season/Spring Playoffs,,6,Excel Esports
LEC/2022 Season/Spring Season,,1,Rogue (European Team)
LEC/2022 Season/Spring Season,,10,Astralis
LEC/2022 Season/Spring Season,,2,Fnatic
LEC/2022 Season/Spring Season,,3,Misfits Gaming
LEC/2022 Season/Spring Season,,4,G2 Esports
LEC/2022 Season/Spring Season,,5,Excel Esports
LEC/2022 Season/Spring Season,,6,Team Vitality
LEC/2022 Season/Spring Season,,7,MAD Lions
LEC/2022 Season/Spring Season,,8,SK Gaming
LEC/2022 Season/Spring Season,,9,Team BDS
LEC/2022 Season/Summer Playoffs,,1,Rogue (European Team)
LEC/2022 Season/Summer Playoffs,,2,G2 Esports
LEC/2022 Season/Summer Playoffs,,3,Fnatic
LEC/2022 Season/Summer Playoffs,,4,MAD Lions
LEC/2022 Season/Summer Playoffs,,5,Misfits Gaming
LEC/2022 Season/Summer Playoffs,,6,Excel Esports
LCS/2021 Season/Spring Season,,2,TSM
LCS/2021 Season/Spring Season,,3,Team Liquid
LCS/2021 Season/Spring Season,,4,100 Thieves
LCS/2021 Season/Spring Season,,5,Dignitas
LCS/2021 Season/Spring Season,,6,Evil Geniuses.NA
LCS/2021 Season/Spring Season,,7,Immortals
LCS/2021 Season/Spring Season,,8,FlyQuest
LCS/2021 Season/Spring Season,,9,Counter Logic Gaming
LCS/2021 Season/Summer Season,,1,TSM
LCS/2021 Season/Summer Season,,10,Counter Logic Gaming
LCS/2021 Season/Summer Season,,2,100 Thieves
LCS/2021 Season/Summer Season,,3,Evil Geniuses.NA
LCS/2021 Season/Summer Season,,4,Cloud9
LCS/2021 Season/Summer Season,,5,Team Liquid
LCS/2021 Season/Summer Season,,6,Dignitas
LCS/2021 Season/Summer Season,,7,Immortals
LCS/2021 Season/Summer Season,,8,Golden Guardians
LCS/2021 Season/Summer Season,,9,FlyQuest
LCS/2022 Season/Championship,,1,Cloud9
LCS/2022 Season/Championship,,2,100 Thieves
LCS/2022 Season/Championship,,3,Evil Geniuses.NA
LCS/2022 Season/Championship,,4,Team Liquid
LCS/2022 Season/Championship,,5-6,Counter Logic Gaming
LCS/2022 Season/Championship,,5-6,TSM
LCS/2022 Season/Championship,,7-8,FlyQuest
LCS/2022 Season/Championship,,7-8,Golden Guardians
LCS/2022 Season/Lock In,,2,Evil Geniuses.NA
LCS/2022 Season/Lock In,,3-4,Cloud9
LCS/2022 Season/Lock In,,3-4,Dignitas
LCS/2022 Season/Lock In,,5-8,100 Thieves
LCS/2022 Season/Lock In,,5-8,Counter Logic Gaming
LCS/2022 Season/Lock In,,5-8,FlyQuest
LCS/2022 Season/Lock In,,5-8,Golden Guardians
LCS/2022 Season/Lock In,,9-10,Immortals
LCS/2022 Season/Lock In,,9-10,TSM
LCS/2022 Season/Lock In,150000.0,1,Team Liquid
LCS/2022 Season/Spring Playoffs,,5-6,FlyQuest
LCS/2022 Season/Spring Playoffs,,5-6,Golden Guardians
LCS/2022 Season/Spring Playoffs,20000.0,4,Cloud9
LCS/2022 Season/Spring Playoffs,30000.0,3,Team Liquid
LCS/2022 Season/Spring Playoffs,50000.0,2,100 Thieves
LCS/2022 Season/Spring Playoffs,100000.0,1,Evil Geniuses.NA
LCS/2022 Season/Spring Season,,1,Team Liquid
LCS/2022 Season/Spring Season,,10,Immortals
LCS/2022 Season/Spring Season,,2,Cloud9
LCS/2022 Season/Spring Season,,3,100 Thieves
LCS/2022 Season/Spring Season,,4,Evil Geniuses.NA
LCS/2022 Season/Spring Season,,5,FlyQuest
LCS/2022 Season/Spring Season,,6,Golden Guardians
LCS/2022 Season/Spring Season,,7,Dignitas
LCS/2022 Season/Spring Season,,8,Counter Logic Gaming
LCS/2022 Season/Spring Season,,9,TSM
LCS/2022 Season/Summer Season,,1,Evil Geniuses.NA
LCS/2022 Season/Summer Season,,10,Dignitas
LCS/2022 Season/Summer Season,,2,100 Thieves
LCS/2022 Season/Summer Season,,3,Team Liquid
LCS/2022 Season/Summer Season,,4,Counter Logic Gaming
LCS/2022 Season/Summer Season,,5,Cloud9
LCS/2022 Season/Summer Season,,6,FlyQuest
LCS/2022 Season/Summer Season,,7,TSM
LCS/2022 Season/Summer Season,,8,Golden Guardians
LCS/2022 Season/Summer Season,,9,Immortals
LCS/2023 Season/Championship,,1,NRG
LCS/2023 Season/Championship,,2,Cloud9
LCS/2023 Season/Championship,,3,Team Liquid
LCS/2023 Season/Championship,,4,Golden Guardians
LCS/2023 Season/Championship,,5-6,Dignitas
LCS/2023 Season/Championship,,5-6,Evil Geniuses.NA
LCS/2023 Season/Championship,,7-8,100 Thieves
LCS/2023 Season/Championship,,7-8,TSM
LCS/2023 Season/Spring Playoffs,,5-6,100 Thieves
LCS/2023 Season/Spring Playoffs,,5-6,Counter Logic Gaming
LCS/2023 Season/Spring Playoffs,20000.0,4,Evil Geniuses.NA
LCS/2023 Season/Spring Playoffs,30000.0,3,FlyQuest
LCS/2023 Season/Spring Playoffs,50000.0,2,Golden Guardians
LCS/2023 Season/Spring Playoffs,100000.0,1,Cloud9
LCS/2023 Season/Spring Season,,1,Cloud9
LCS/2023 Season/Spring Season,,10,Dignitas
LCS/2023 Season/Spring Season,,2,FlyQuest
LCS/2023 Season/Spring Season,,3,100 Thieves
LCS/2023 Season/Spring Season,,4,Counter Logic Gaming
LCS/2023 Season/Spring Season,,5,Evil Geniuses.NA
LCS/2023 Season/Spring Season,,6,Golden Guardians
LCS/2023 Season/Spring Season,,7,TSM
LCS/2023 Season/Spring Season,,8,Team Liquid
LCS/2023 Season/Spring Season,,9,Immortals
LCS/2023 Season/Summer Season,,1,Cloud9
LCS/2023 Season/Summer Season,,10,Immortals
LCS/2023 Season/Summer Season,,2,Golden Guardians
LCS/2023 Season/Summer Season,,3,Evil Geniuses.NA
LCS/2023 Season/Summer Season,,4,Team Liquid
LCS/2023 Season/Summer Season,,5,NRG
LCS/2023 Season/Summer Season,,6,TSM
LCS/2023 Season/Summer Season,,7,Dignitas
LCS/2023 Season/Summer Season,,8,100 Thieves
LCS/2023 Season/Summer Season,,9,FlyQuest
LCS/2024 Season/Championship,,1,FlyQuest
LCS/2024 Season/Championship,,2,Team Liquid
LCS/2024 Season/Championship,,3,100 Thieves
LCS/2024 Season/Championship,,4,Cloud9
LCS/2024 Season/Championship,,5,Dignitas
LCS/2024 Season/Championship,,6,NRG
LCS/2024 Season/Spring Playoffs,,5-6,Dignitas
LCS/2024 Season/Spring Playoffs,,5-6,NRG
LCS/2024 Season/Spring Playoffs,20000.0,4,100 Thieves
LCS/2024 Season/Spring Playoffs,30000.0,3,Cloud9
LCS/2024 Season/Spring Playoffs,50000.0,2,FlyQuest
LCS/2024 Season/Spring Playoffs,100000.0,1,Team Liquid
LCS/2024 Season/Spring Season,,1,FlyQuest
LCS/2024 Season/Spring Season,,2,100 Thieves
LCS/2024 Season/Spring Season,,3,Cloud9
LCS/2024 Season/Spring Season,,4,Team Liquid
LCS/2024 Season/Spring Season,,5,Dignitas
LCS/2024 Season/Spring Season,,6,NRG
LCS/2024 Season/Spring Season,,7,Shopify Rebellion
LCS/2024 Season/Spring Season,,8,Immortals
LCS/2024 Season/Summer Season,,1,Team Liquid
LCS/2024 Season/Summer Season,,2,Cloud9
LCS/2024 Season/Summer Season,,3,FlyQuest
LCS/2024 Season/Summer Season,,4,Dignitas
LCS/2024 Season/Summer Season,,5,100 Thieves
LCS/2024 Season/Summer Season,,6,NRG
LCS/2024 Season/Summer Season,,7,Shopify Rebellion
LCS/2024 Season/Summer Season,,8,Immortals
LCS/2019 Season/Regional Finals,,1,Clutch Gaming
LCS/2019 Season/Regional Finals,,2,TSM
LCS/2019 Season/Regional Finals,,3,Counter Logic Gaming
LCS/2019 Season/Regional Finals,,4,FlyQuest
LCS/2019 Season/Spring Playoffs,,5-6,Echo Fox
LCS/2019 Season/Spring Playoffs,,5-6,Golden Guardians
LCS/2019 Season/Spring Playoffs,25000.0,3,Cloud9
LCS/2019 Season/Spring Playoffs,25000.0,4,FlyQuest
LCS/2019 Season/Spring Playoffs,50000.0,2,TSM
LCS/2019 Season/Spring Playoffs,100000.0,1,Team Liquid
LCS/2019 Season/Spring Season,,1,Team Liquid
LCS/2019 Season/Spring Season,,10,100 Thieves
LCS/2019 Season/Spring Season,,2,Cloud9
LCS/2019 Season/Spring Season,,3,TSM
LCS/2019 Season/Spring Season,,4,FlyQuest
LCS/2019 Season/Spring Season,,5,Golden Guardians
LCS/2019 Season/Spring Season,,6,Echo Fox
LCS/2019 Season/Spring Season,,7,Counter Logic Gaming
LCS/2019 Season/Spring Season,,7,OpTic Gaming
LCS/2019 Season/Spring Season,,9,Clutch Gaming
LCS/2019 Season/Summer Playoffs,,5-6,OpTic Gaming
LCS/2019 Season/Summer Playoffs,,5-6,TSM
LCS/2019 Season/Summer Playoffs,25000.0,3,Counter Logic Gaming
LCS/2019 Season/Summer Playoffs,25000.0,4,Clutch Gaming
LCS/2019 Season/Summer Playoffs,50000.0,2,Cloud9
LCS/2019 Season/Summer Playoffs,100000.0,1,Team Liquid
LCS/2019 Season/Summer Season,,1,Team Liquid
LCS/2019 Season/Summer Season,,10,Echo Fox
LCS/2019 Season/Summer Season,,2,Cloud9
LCS/2019 Season/Summer Season,,3,Counter Logic Gaming
LCS/2019 Season/Summer Season,,4,TSM
LCS/2019 Season/Summer Season,,5,Clutch Gaming
LCS/2019 Season/Summer Season,,6,OpTic Gaming
LCS/2019 Season/Summer Season,,7,Golden Guardians
LCS/2019 Season/Summer Season,,8,100 Thieves
LCS/2019 Season/Summer Season,,9,FlyQuest
LCS/2020 Season/Spring Playoffs,,5-6,100 Thieves
LCS/2020 Season/Spring Playoffs,,5-6,Golden Guardians
LCS/2020 Season/Spring Playoffs,25000.0,3,Evil Geniuses.NA
LCS/2020 Season/Spring Playoffs,25000.0,4,TSM
LCS/2020 Season/Spring Playoffs,50000.0,2,FlyQuest
LCS/2020 Season/Spring Playoffs,100000.0,1,Cloud9
LCS/2020 Season/Spring Season,,1,Cloud9
LCS/2020 Season/Spring Season,,10,Counter Logic Gaming
LCS/2020 Season/Spring Season,,2,Evil Geniuses.NA
LCS/2020 Season/Spring Season,,3,100 Thieves
LCS/2020 Season/Spring Season,,4,FlyQuest
LCS/2020 Season/Spring Season,,5,TSM
LCS/2020 Season/Spring Season,,6,Golden Guardians
LCS/2020 Season/Spring Season,,7,Dignitas
LCS/2020 Season/Spring Season,,8,Immortals
LCS/2020 Season/Spring Season,,9,Team Liquid
LCS/2020 Season/Summer Playoffs,,5-6,Evil Geniuses.NA
LCS/2020 Season/Summer Playoffs,,5-6,Golden Guardians
LCS/2020 Season/Summer Playoffs,,7-8,100 Thieves
LCS/2020 Season/Summer Playoffs,,7-8,Dignitas
LCS/2020 Season/Summer Playoffs,25000.0,3,Team Liquid
LCS/2020 Season/Summer Playoffs,25000.0,4,Cloud9
LCS/2020 Season/Summer Playoffs,50000.0,2,FlyQuest
LCS/2020 Season/Summer Playoffs,100000.0,1,TSM
LCS/2020 Season/Summer Season,,1,Team Liquid
LCS/2020 Season/Summer Season,,10,Immortals
LCS/2020 Season/Summer Season,,2,Cloud9
LCS/2020 Season/Summer Season,,3,FlyQuest
LCS/2020 Season/Summer Season,,4,TSM
LCS/2020 Season/Summer Season,,5,Golden Guardians
LCS/2020 Season/Summer Season,,6,Evil Geniuses.NA
LCS/2020 Season/Summer Season,,7,100 Thieves
LCS/2020 Season/Summer Season,,8,Dignitas
LCS/2020 Season/Summer Season,,9,Counter Logic Gaming
LCS/2020 Season/Summer Season/Showmatch,,1,Cloud9
LCS/2020 Season/Summer Season/Showmatch,,2,TSM
LCS/2021 Season/Championship,,1,100 Thieves
LCS/2021 Season/Championship,,2,Team Liquid
LCS/2021 Season/Championship,,3,Cloud9
LCS/2021 Season/Championship,,4,TSM
LCS/2021 Season/Championship,,5-6,Evil Geniuses.NA
LCS/2021 Season/Championship,,5-6,Immortals
LCS/2021 Season/Championship,,7-8,Dignitas
LCS/2021 Season/Championship,,7-8,Golden Guardians
LCS/2021 Season/Lock In,,2,Cloud9
LCS/2021 Season/Lock In,,3-4,100 Thieves
LCS/2021 Season/Lock In,,3-4,Evil Geniuses.NA
LCS/2021 Season/Lock In,,5-8,FlyQuest
LCS/2021 Season/Lock In,,5-8,Golden Guardians
LCS/2021 Season/Lock In,,5-8,Immortals
LCS/2021 Season/Lock In,,5-8,TSM
LCS/2021 Season/Lock In,,9-10,Counter Logic Gaming
LCS/2021 Season/Lock In,,9-10,Dignitas
LCS/2021 Season/Lock In,150000.0,1,Team Liquid
LCS/2021 Season/Mid-Season Showdown,,1,Cloud9
LCS/2021 Season/Mid-Season Showdown,,2,Team Liquid
LCS/2021 Season/Mid-Season Showdown,,3,TSM
LCS/2021 Season/Mid-Season Showdown,,4,100 Thieves
LCS/2021 Season/Mid-Season Showdown,,5-6,Dignitas
LCS/2021 Season/Mid-Season Showdown,,5-6,Evil Geniuses.NA
LCS/2021 Season/Spring Season,,1,Cloud9
LCS/2021 Season/Spring Season,,10,Golden Guardians
LCK/2020 Season/Summer Playoffs,50516.42,2,DRX
LCK/2020 Season/Summer Playoffs,84194.04,1,DAMWON Gaming
LCK/2020 Season/Summer Promotion,,NQ,Griffin (Korean Team)
LCK/2020 Season/Summer Promotion,,NQ,Seorabeol Gaming
LCK/2020 Season/Summer Promotion,,Q,SANDBOX Gaming
LCK/2020 Season/Summer Promotion,,Q,Team Dynamics
LCK/2020 Season/Summer Season,,1,DAMWON Gaming
LCK/2020 Season/Summer Season,,10,SeolHaeOne Prince
LCK/2020 Season/Summer Season,,2,DRX
LCK/2020 Season/Summer Season,,3,Gen.G
LCK/2020 Season/Summer Season,,4,T1
LCK/2020 Season/Summer Season,,5,Afreeca Freecs
LCK/2020 Season/Summer Season,,6,KT Rolster
LCK/2020 Season/Summer Season,,7,SANDBOX Gaming
LCK/2020 Season/Summer Season,,8,Team Dynamics
LCK/2020 Season/Summer Season,,9,Hanwha Life Esports
LCK/2021 Season/Regional Finals,,1,T1
LCK/2021 Season/Regional Finals,,2,Hanwha Life Esports
LCK/2021 Season/Regional Finals,,3,Nongshim RedForce
LCK/2021 Season/Regional Finals,,4,Liiv SANDBOX
LCK/2021 Season/Spring Playoffs,,1,DWG KIA
LCK/2021 Season/Spring Playoffs,,2,Gen.G
LCK/2021 Season/Spring Playoffs,,3,Hanwha Life Esports
LCK/2021 Season/Spring Playoffs,,4,T1
LCK/2021 Season/Spring Playoffs,,5,DRX
LCK/2021 Season/Spring Playoffs,,6,Nongshim RedForce
LCK/2021 Season/Spring Season,,1,DWG KIA
LCK/2021 Season/Spring Season,,10,Fredit BRION
LCK/2021 Season/Spring Season,,2,Gen.G
LCK/2021 Season/Spring Season,,3,Hanwha Life Esports
LCK/2021 Season/Spring Season,,4,T1
LCK/2021 Season/Spring Season,,5,DRX
LCK/2021 Season/Spring Season,,6,Nongshim RedForce
LCK/2021 Season/Spring Season,,7,KT Rolster
LCK/2021 Season/Spring Season,,8,Liiv SANDBOX
LCK/2021 Season/Spring Season,,9,Afreeca Freecs
LCK/2021 Season/Summer Playoffs,,1,DWG KIA
LCK/2021 Season/Summer Playoffs,,2,T1
LCK/2021 Season/Summer Playoffs,,3,Gen.G
LCK/2021 Season/Summer Playoffs,,4,Nongshim RedForce
LCK/2021 Season/Summer Playoffs,,5,Liiv SANDBOX
LCK/2021 Season/Summer Playoffs,,6,Afreeca Freecs
LCK/2021 Season/Summer Season,,1,DWG KIA
LCK/2021 Season/Summer Season,,10,DRX
LCK/2021 Season/Summer Season,,2,Gen.G
LCK/2021 Season/Summer Season,,3,Nongshim RedForce
LCK/2021 Season/Summer Season,,4,T1
LCK/2021 Season/Summer Season,,5,Liiv SANDBOX
LCK/2021 Season/Summer Season,,6,Afreeca Freecs
LCK/2021 Season/Summer Season,,7,KT Rolster
LCK/2021 Season/Summer Season,,8,Hanwha Life Esports
LCK/2021 Season/Summer Season,,9,Fredit BRION
LCK/2022 Season/Regional Finals,,1,DWG KIA
LCK/2022 Season/Regional Finals,,2,DRX
LCK/2022 Season/Regional Finals,,3,Liiv SANDBOX
LCK/2022 Season/Regional Finals,,4,KT Rolster
LCK/2022 Season/Spring Playoffs,,1,T1
LCK/2022 Season/Spring Playoffs,,2,Gen.G
LCK/2022 Season/Spring Playoffs,,3,DWG KIA
LCK/2022 Season/Spring Playoffs,,4,Kwangdong Freecs
LCK/2022 Season/Spring Playoffs,,5,DRX
LCK/2022 Season/Spring Playoffs,,6,Fredit BRION
LCK/2022 Season/Spring Season,,1,T1
LCK/2022 Season/Spring Season,,10,Hanwha Life Esports
LCK/2022 Season/Spring Season,,2,Gen.G
LCK/2022 Season/Spring Season,,3,DWG KIA
LCK/2022 Season/Spring Season,,4,DRX
LCK/2022 Season/Spring Season,,5,Kwangdong Freecs
LCK/2022 Season/Spring Season,,6,Fredit BRION
LCK/2022 Season/Spring Season,,7,KT Rolster
LCK/2022 Season/Spring Season,,8,Nongshim RedForce
LCK/2022 Season/Spring Season,,9,Liiv SANDBOX
LCK/2022 Season/Summer Playoffs,,1,Gen.G
LCK/2022 Season/Summer Playoffs,,2,T1
LCK/2022 Season/Summer Playoffs,,3,Liiv SANDBOX
LCK/2022 Season/Summer Playoffs,,4,DWG KIA
LCK/2022 Season/Summer Playoffs,,5,KT Rolster
LCK/2022 Season/Summer Playoffs,,6,DRX
LCK/2022 Season/Summer Season,,1,Gen.G
LCK/2022 Season/Summer Season,,10,Hanwha Life Esports
LCK/2022 Season/Summer Season,,2,T1
LCK/2022 Season/Summer Season,,3,Liiv SANDBOX
LCK/2022 Season/Summer Season,,4,DWG KIA
LCK/2022 Season/Summer Season,,5,KT Rolster
LCK/2022 Season/Summer Season,,6,DRX
LCK/2022 Season/Summer Season,,7,Kwangdong Freecs
LCK/2022 Season/Summer Season,,8,Nongshim RedForce
LCK/2022 Season/Summer Season,,9,Fredit BRION
LCK/2023 Season/Regional Finals,,1,KT Rolster
LCK/2023 Season/Regional Finals,,2,Dplus KIA
LCK/2023 Season/Regional Finals,,3,Hanwha Life Esports
LCK/2023 Season/Regional Finals,,4,DRX
LCK/2023 Season/Spring Playoffs,,1,Gen.G
LCK/2023 Season/Spring Playoffs,,2,T1
LCK/2023 Season/Spring Playoffs,,3,KT Rolster
LCK/2023 Season/Spring Playoffs,,4,Hanwha Life Esports
LCK/2023 Season/Spring Playoffs,,5,Dplus KIA
LCK/2023 Season/Spring Playoffs,,6,Liiv SANDBOX
LCK/2023 Season/Spring Season,,1,T1
LCK/2023 Season/Spring Season,,10,Nongshim RedForce
LCK/2023 Season/Spring Season,,2,Gen.G
LCK/2023 Season/Spring Season,,3,KT Rolster
LCK/2023 Season/Spring Season,,4,Dplus KIA
LCK/2023 Season/Spring Season,,5,Hanwha Life Esports
LCK/2023 Season/Spring Season,,6,Liiv SANDBOX
LCK/2023 Season/Spring Season,,7,Kwangdong Freecs
LCK/2023 Season/Spring Season,,8,BRION
LCK/2023 Season/Spring Season,,9,DRX
LCK/2023 Season/Summer Playoffs,,1,Gen.G
LCK/2023 Season/Summer Playoffs,,2,T1
LCK/2023 Season/Summer Playoffs,,3,KT Rolster
LCK/2023 Season/Summer Playoffs,,4,Hanwha Life Esports
LCK/2023 Season/Summer Playoffs,,5,Dplus KIA
LCK/2023 Season/Summer Playoffs,,6,DRX
LCK/2023 Season/Summer Season,,1,KT Rolster
LCK/2023 Season/Summer Season,,10,Kwangdong Freecs
LCK/2023 Season/Summer Season,,2,Gen.G
LCK/2023 Season/Summer Season,,3,Hanwha Life Esports
LCK/2023 Season/Summer Season,,4,Dplus KIA
LCK/2023 Season/Summer Season,,5,T1
LCK/2023 Season/Summer Season,,6,DRX
LCK/2023 Season/Summer Season,,7,Liiv SANDBOX
LCK/2023 Season/Summer Season,,8,OKSavingsBank BRION
LCK/2023 Season/Summer Season,,9,Nongshim RedForce
LCK/2024 Season/Regional Finals,,1,Dplus KIA
LCK/2024 Season/Regional Finals,,2,T1
LCK/2024 Season/Regional Finals,,3,KT Rolster
LCK/2024 Season/Regional Finals,,4,BNK FearX
LCK/2024 Season/Spring Playoffs,,1,Gen.G
LCK/2024 Season/Spring Playoffs,,2,T1
LCK/2024 Season/Spring Playoffs,,3,Hanwha Life Esports
LCK/2024 Season/Spring Playoffs,,4,Dplus KIA
LCK/2024 Season/Spring Playoffs,,5,KT Rolster
LCK/2024 Season/Spring Playoffs,,6,Kwangdong Freecs
LCK/2024 Season/Spring Season,,1,Gen.G
LCK/2024 Season/Spring Season,,10,OKSavingsBank BRION
LCK/2024 Season/Spring Season,,2,T1
LCK/2024 Season/Spring Season,,3,Hanwha Life Esports
LCK/2024 Season/Spring Season,,4,KT Rolster
LCK/2024 Season/Spring Season,,5,Dplus KIA
LCK/2024 Season/Spring Season,,6,Kwangdong Freecs
LCK/2024 Season/Spring Season,,7,FearX
LCK/2024 Season/Spring Season,,8,Nongshim RedForce
LCK/2024 Season/Spring Season,,9,DRX
LCK/2024 Season/Summer Playoffs,,5,KT Rolster
LCK/2024 Season/Summer Playoffs,,6,BNK FearX
LCK/2024 Season/Summer Playoffs,18697.61,4,Dplus KIA
LCK/2024 Season/Summer Playoffs,37395.23,3,T1
LCK/2024 Season/Summer Playoffs,74790.46,2,Gen.G
LCK/2024 Season/Summer Playoffs,149580.91,1,Hanwha Life Esports
LCK/2024 Season/Summer Season,,1,Gen.G
LCK/2024 Season/Summer Season,,10,OKSavingsBank BRION
LCK/2024 Season/Summer Season,,2,Hanwha Life Esports
LCK/2024 Season/Summer Season,,3,Dplus KIA
LCK/2024 Season/Summer Season,,4,T1
LCK/2024 Season/Summer Season,,5,KT Rolster
LCK/2024 Season/Summer Season,,6,BNK FearX
LCK/2024 Season/Summer Season,,7,Kwangdong Freecs
LCK/2024 Season/Summer Season,,8,Nongshim RedForce
LCK/2024 Season/Summer Season,,9,DRX
LCK/2016 Season/Regional Finals,,1,Samsung Galaxy
LCK/2016 Season/Regional Finals,,2,KT Rolster
LCK/2016 Season/Regional Finals,,3,Afreeca Freecs
LCK/2016 Season/Regional Finals,,4,Jin Air Green Wings
LCK/2016 Season/Spring Playoffs,12900.0,5,Afreeca Freecs
LCK/2016 Season/Spring Playoffs,17200.0,4,Jin Air Green Wings
LCK/2016 Season/Spring Playoffs,25800.0,3,KT Rolster
LCK/2016 Season/Spring Playoffs,51600.0,2,ROX Tigers
LCK/2016 Season/Spring Playoffs,86000.0,1,SK Telecom T1
LCK/2016 Season/Spring Promotion,,NQ,Dark Wolves
LCK/2016 Season/Spring Promotion,,NQ,ESC Ever
LCK/2016 Season/Spring Promotion,,Q,Incredible Miracle
LCK/2016 Season/Spring Promotion,,Q,SBENU Sonicboom
LCK/2016 Season/Spring Season,,1,ROX Tigers
LCK/2016 Season/Spring Season,,2,KT Rolster
LCK/2016 Season/Spring Season,,3,SK Telecom T1
LCK/2016 Season/Spring Season,,4,Jin Air Green Wings
LCK/2016 Season/Spring Season,,5,Afreeca Freecs
LCK/2016 Season/Spring Season,8600.0,10,Kongdoo Monster
LCK/2016 Season/Spring Season,8600.0,6,Samsung Galaxy
LCK/2016 Season/Spring Season,8600.0,7,Longzhu Gaming
LCK/2016 Season/Spring Season,8600.0,8,CJ Entus
LCK/2016 Season/Spring Season,8600.0,9,SBENU Sonicboom
LCK/2016 Season/Summer Playoffs,13350.0,5,Afreeca Freecs
LCK/2016 Season/Summer Playoffs,17800.0,4,Samsung Galaxy
LCK/2016 Season/Summer Playoffs,26700.0,3,SK Telecom T1
LCK/2016 Season/Summer Playoffs,53400.0,2,KT Rolster
LCK/2016 Season/Summer Playoffs,89000.0,1,ROX Tigers
LCK/2016 Season/Summer Promotion,,NQ,Kongdoo Monster
LCK/2016 Season/Summer Promotion,,NQ,SBENU Sonicboom
LCK/2016 Season/Summer Promotion,,Q,ESC Ever
LCK/2016 Season/Summer Promotion,,Q,MVP
LCK/2016 Season/Summer Season,,1,ROX Tigers
LCK/2016 Season/Summer Season,,2,SK Telecom T1
LCK/2016 Season/Summer Season,,3,KT Rolster
LCK/2016 Season/Summer Season,,4,Samsung Galaxy
LCK/2016 Season/Summer Season,,5,Afreeca Freecs
LCK/2016 Season/Summer Season,8900.0,10,CJ Entus
LCK/2016 Season/Summer Season,8900.0,6,MVP
LCK/2016 Season/Summer Season,8900.0,7,Jin Air Green Wings
LCK/2016 Season/Summer Season,8900.0,8,Longzhu Gaming
LCK/2016 Season/Summer Season,8900.0,9,ESC Ever
LCK/2017 Season/Regional Finals,,1,Samsung Galaxy
LCK/2017 Season/Regional Finals,,2,KT Rolster
LCK/2017 Season/Regional Finals,,3,Afreeca Freecs
LCK/2017 Season/Regional Finals,,4,MVP
LCK/2017 Season/Spring Playoffs,13200.0,5,Afreeca Freecs
LCK/2017 Season/Spring Playoffs,17600.0,4,MVP
LCK/2017 Season/Spring Playoffs,26400.0,3,Samsung Galaxy
LCK/2017 Season/Spring Playoffs,52800.0,2,KT Rolster
LCK/2017 Season/Spring Playoffs,88000.0,1,SK Telecom T1
LCK/2017 Season/Spring Promotion,,NQ,CJ Entus
LCK/2017 Season/Spring Promotion,,NQ,SBENU Korea
LCK/2017 Season/Spring Promotion,,Q,ESC Ever
LCK/2017 Season/Spring Promotion,,Q,Kongdoo Monster
LCK/2017 Season/Spring Season,,1,SK Telecom T1
LCK/2017 Season/Spring Season,,2,Samsung Galaxy
LCK/2017 Season/Spring Season,,3,KT Rolster
LCK/2017 Season/Spring Season,,4,Afreeca Freecs
LCK/2017 Season/Spring Season,,5,MVP
LCK/2017 Season/Spring Season,8900.0,10,Kongdoo Monster
LCK/2017 Season/Spring Season,8900.0,6,ROX Tigers
LCK/2017 Season/Spring Season,8900.0,7,Longzhu Gaming
LCK/2017 Season/Spring Season,8900.0,8,bbq Olivers
LCK/2017 Season/Spring Season,8900.0,9,Jin Air Green Wings
LCK/2017 Season/Summer Playoffs,13350.0,5,Afreeca Freecs
LCK/2017 Season/Summer Playoffs,17800.0,4,Samsung Galaxy
LCK/2017 Season/Summer Playoffs,26700.0,3,KT Rolster
LCK/2017 Season/Summer Playoffs,53400.0,2,SK Telecom T1
LCK/2017 Season/Summer Playoffs,89000.0,1,Longzhu Gaming
LCK/2017 Season/Summer Promotion,,NQ,CJ Entus
LCK/2017 Season/Summer Promotion,,NQ,Kongdoo Monster
LCK/2017 Season/Summer Promotion,,Q,Ever8 Winners
LCK/2017 Season/Summer Promotion,,Q,Jin Air Green Wings
LCK/2017 Season/Summer Season,,1,Longzhu Gaming
LCK/2017 Season/Summer Season,,2,KT Rolster
LCK/2017 Season/Summer Season,,3,Samsung Galaxy
LCK/2017 Season/Summer Season,,4,SK Telecom T1
LCK/2017 Season/Summer Season,,5,Afreeca Freecs
LCK/2017 Season/Summer Season,8800.0,10,Ever8 Winners
LCK/2017 Season/Summer Season,8800.0,6,Jin Air Green Wings
LCK/2017 Season/Summer Season,8800.0,7,ROX Tigers
LCK/2017 Season/Summer Season,8800.0,8,MVP
LCK/2017 Season/Summer Season,8800.0,9,bbq Olivers
LCK/2018 Season/Regional Finals,,1,Gen.G
LCK/2018 Season/Regional Finals,,2,Kingzone DragonX
LCK/2018 Season/Regional Finals,,3,Griffin (Korean Team)
LCK/2018 Season/Regional Finals,,4,SK Telecom T1
LCK/2018 Season/Spring Playoffs,14009.57,5,KSV eSports
LCK/2018 Season/Spring Playoffs,18679.43,4,SK Telecom T1
LCK/2018 Season/Spring Playoffs,28019.15,3,KT Rolster
LCK/2018 Season/Spring Playoffs,56038.29,2,Afreeca Freecs
LCK/2018 Season/Spring Playoffs,93397.15,1,Kingzone DragonX
LCK/2018 Season/Spring Promotion,,NQ,CJ Entus
LCK/2018 Season/Spring Promotion,,NQ,Ever8 Winners
LCK/2018 Season/Spring Promotion,,Q,bbq Olivers
LCK/2018 Season/Spring Promotion,,Q,Kongdoo Monster
LCK/2018 Season/Spring Season,,1,Kingzone DragonX
LCK/2018 Season/Spring Season,,2,Afreeca Freecs
LCK/2018 Season/Spring Season,,3,KT Rolster
LCK/2018 Season/Spring Season,,4,SK Telecom T1
LCK/2018 Season/Spring Season,,5,KSV eSports
LCK/2018 Season/Spring Season,9339.72,10,Kongdoo Monster
LCK/2018 Season/Spring Season,9339.72,6,ROX Tigers
LCK/2018 Season/Spring Season,9339.72,7,Jin Air Green Wings
LCK/2018 Season/Spring Season,9339.72,8,bbq Olivers
LCK/2018 Season/Spring Season,9339.72,9,MVP
LCK/2018 Season/Summer Playoffs,,1,KT Rolster
LCK/2018 Season/Summer Playoffs,,2,Griffin (Korean Team)
LCK/2018 Season/Summer Playoffs,,3,Afreeca Freecs
LCK/2018 Season/Summer Playoffs,,4,Kingzone DragonX
LCK/2018 Season/Summer Playoffs,,5,Gen.G
LCK/2018 Season/Summer Promotion,,NQ,Ever8 Winners
LCK/2018 Season/Summer Promotion,,NQ,Kongdoo Monster
LCK/2018 Season/Summer Promotion,,Q,Griffin (Korean Team)
LCK/2018 Season/Summer Promotion,,Q,MVP
LCK/2018 Season/Summer Season,,1,KT Rolster
LCK/2018 Season/Summer Season,,10,bbq Olivers
LCK/2018 Season/Summer Season,,2,Griffin (Korean Team)
LCK/2018 Season/Summer Season,,3,Kingzone DragonX
LCK/2018 Season/Summer Season,,4,Gen.G
LCK/2018 Season/Summer Season,,5,Afreeca Freecs
LCK/2018 Season/Summer Season,,6,Hanwha Life Esports
LCK/2018 Season/Summer Season,,7,SK Telecom T1
LCK/2018 Season/Summer Season,,8,Jin Air Green Wings
LCK/2018 Season/Summer Season,,9,MVP
LCK/2019 Season/Regional Finals,,1,DAMWON Gaming
LCK/2019 Season/Regional Finals,,2,Kingzone DragonX
LCK/2019 Season/Regional Finals,,3,SANDBOX Gaming
LCK/2019 Season/Regional Finals,,4,Afreeca Freecs
LCK/2019 Season/Spring Playoffs,,1,SK Telecom T1
LCK/2019 Season/Spring Playoffs,,2,Griffin (Korean Team)
LCK/2019 Season/Spring Playoffs,,3,Kingzone DragonX
LCK/2019 Season/Spring Playoffs,,4,DAMWON Gaming
LCK/2019 Season/Spring Playoffs,,5,SANDBOX Gaming
LCK/2019 Season/Spring Promotion,,NQ,bbq Olivers
LCK/2019 Season/Spring Promotion,,NQ,MVP
LCK/2019 Season/Spring Promotion,,Q,DAMWON Gaming
LCK/2019 Season/Spring Promotion,,Q,Team BattleComics
LCK/2019 Season/Spring Season,,1,Griffin (Korean Team)
LCK/2019 Season/Spring Season,,10,Jin Air Green Wings
LCK/2019 Season/Spring Season,,2,SK Telecom T1
LCK/2019 Season/Spring Season,,3,Kingzone DragonX
LCK/2019 Season/Spring Season,,4,SANDBOX Gaming
LCK/2019 Season/Spring Season,,5,DAMWON Gaming
LCK/2019 Season/Spring Season,,6,Hanwha Life Esports
LCK/2019 Season/Spring Season,,7,Gen.G
LCK/2019 Season/Spring Season,,8,Afreeca Freecs
LCK/2019 Season/Spring Season,,9,KT Rolster
LCK/2019 Season/Summer Playoffs,12725.37,5,Afreeca Freecs
LCK/2019 Season/Summer Playoffs,16967.16,4,SANDBOX Gaming
LCK/2019 Season/Summer Playoffs,25450.74,3,DAMWON Gaming
LCK/2019 Season/Summer Playoffs,50901.48,2,Griffin (Korean Team)
LCK/2019 Season/Summer Playoffs,84835.8,1,SK Telecom T1
LCK/2019 Season/Summer Promotion,,NQ,ES Sharks
LCK/2019 Season/Summer Promotion,,NQ,VSG (Korean Team)
LCK/2019 Season/Summer Promotion,,Q,Jin Air Green Wings
LCK/2019 Season/Summer Promotion,,Q,KT Rolster
LCK/2019 Season/Summer Season,,1,Griffin (Korean Team)
LCK/2019 Season/Summer Season,,10,Jin Air Green Wings
LCK/2019 Season/Summer Season,,2,DAMWON Gaming
LCK/2019 Season/Summer Season,,3,SANDBOX Gaming
LCK/2019 Season/Summer Season,,4,SK Telecom T1
LCK/2019 Season/Summer Season,,5,Afreeca Freecs
LCK/2019 Season/Summer Season,,6,Gen.G
LCK/2019 Season/Summer Season,,7,Kingzone DragonX
LCK/2019 Season/Summer Season,,8,KT Rolster
LCK/2019 Season/Summer Season,,9,Hanwha Life Esports
LCK/2020 Season/Regional Finals,,1,Gen.G
LCK/2020 Season/Regional Finals,,2,T1
LCK/2020 Season/Regional Finals,,3,Afreeca Freecs
LCK/2020 Season/Regional Finals,,4,KT Rolster
LCK/2020 Season/Spring Playoffs,12192.43,5,KT Rolster
LCK/2020 Season/Spring Playoffs,16256.58,4,DAMWON Gaming
LCK/2020 Season/Spring Playoffs,24384.87,3,DragonX
LCK/2020 Season/Spring Playoffs,48769.73,2,Gen.G
LCK/2020 Season/Spring Playoffs,81282.89,1,T1
LCK/2020 Season/Spring Promotion,,NQ,Jin Air Green Wings
LCK/2020 Season/Spring Promotion,,NQ,Team Dynamics
LCK/2020 Season/Spring Promotion,,Q,APK Prince
LCK/2020 Season/Spring Promotion,,Q,Hanwha Life Esports
LCK/2020 Season/Spring Season,,1,Gen.G
LCK/2020 Season/Spring Season,,10,Griffin (Korean Team)
LCK/2020 Season/Spring Season,,2,T1
LCK/2020 Season/Spring Season,,3,DragonX
LCK/2020 Season/Spring Season,,4,KT Rolster
LCK/2020 Season/Spring Season,,5,DAMWON Gaming
LCK/2020 Season/Spring Season,,6,Afreeca Freecs
LCK/2020 Season/Spring Season,,7,APK Prince
LCK/2020 Season/Spring Season,,8,Hanwha Life Esports
LCK/2020 Season/Spring Season,,9,SANDBOX Gaming
LCK/2020 Season/Summer Playoffs,12629.11,5,T1
LCK/2020 Season/Summer Playoffs,16838.81,4,Afreeca Freecs
LCK/2020 Season/Summer Playoffs,25258.21,3,Gen.G
EU LCS/2015 Season/Regional Finals,,1,Origen
EU LCS/2015 Season/Regional Finals,,2,Unicorns of Love
EU LCS/2015 Season/Regional Finals,,3,Team ROCCAT
EU LCS/2015 Season/Regional Finals,,4,Giants Gaming
EU LCS/2016 Season/Regional Finals,,1,Splyce
EU LCS/2016 Season/Regional Finals,,2,Unicorns of Love
EU LCS/2016 Season/Regional Finals,,3,Fnatic
EU LCS/2016 Season/Regional Finals,,4,Giants Gaming
EU LCS/2017 Season/Regional Finals,,1,Fnatic
EU LCS/2017 Season/Regional Finals,,2,H2k-Gaming
EU LCS/2017 Season/Regional Finals,,3,Unicorns of Love
EU LCS/2017 Season/Regional Finals,,4,Splyce
EU LCS/2018 Season/Regional Finals,,1,G2 Esports
EU LCS/2018 Season/Regional Finals,,2,FC Schalke 04 Esports
EU LCS/2018 Season/Regional Finals,,3,Splyce
EU LCS/2018 Season/Regional Finals,,4,Misfits Gaming
2023 Mid-Season Invitational,5000.0,12-13,DetonatioN FocusMe
2023 Mid-Season Invitational,5000.0,12-13,GAM Esports
2023 Mid-Season Invitational,7500.0,10-11,LOUD
2023 Mid-Season Invitational,7500.0,10-11,Movistar R7
2023 Mid-Season Invitational,12500.0,9,PSG Talon
2023 Mid-Season Invitational,15000.0,7-8,Golden Guardians
2023 Mid-Season Invitational,15000.0,7-8,MAD Lions
2023 Mid-Season Invitational,20000.0,5-6,Cloud9
2023 Mid-Season Invitational,20000.0,5-6,G2 Esports
2023 Mid-Season Invitational,25000.0,4,Gen.G
2023 Mid-Season Invitational,30000.0,3,T1
2023 Mid-Season Invitational,37500.0,2,Bilibili Gaming
2023 Mid-Season Invitational,50000.0,1,JD Gaming
2023 Season World Championship,22250.0,21-22,DetonatioN FocusMe
2023 Season World Championship,22250.0,21-22,Movistar R7
2023 Season World Championship,33375.0,19-20,CTBC Flying Oyster
2023 Season World Championship,33375.0,19-20,LOUD
2023 Season World Championship,38937.5,17-18,PSG Talon
2023 Season World Championship,38937.5,17-18,Team Whales
2023 Season World Championship,50062.5,15-16,Team BDS
2023 Season World Championship,50062.5,15-16,Team Liquid
2023 Season World Championship,61187.5,12-14,Cloud9
2023 Season World Championship,61187.5,12-14,GAM Esports
2023 Season World Championship,61187.5,12-14,MAD Lions
2023 Season World Championship,72312.5,9-11,Dplus KIA
2023 Season World Championship,72312.5,9-11,Fnatic
2023 Season World Championship,72312.5,9-11,G2 Esports
2023 Season World Championship,100125.0,5-8,Gen.G
2023 Season World Championship,100125.0,5-8,KT Rolster
2023 Season World Championship,100125.0,5-8,LNG Esports
2023 Season World Championship,100125.0,5-8,NRG
2023 Season World Championship,178000.0,3-4,Bilibili Gaming
2023 Season World Championship,178000.0,3-4,JD Gaming
2023 Season World Championship,333750.0,2,Weibo Gaming
2023 Season World Championship,445000.0,1,T1
2023 Worlds Qualifying Series,,NQ,Golden Guardians
2023 Worlds Qualifying Series,,Q,Team BDS
2024 Mid-Season Invitational,7500.0,11-12,Estral Esports
2024 Mid-Season Invitational,7500.0,11-12,LOUD
2024 Mid-Season Invitational,10000.0,9-10,FlyQuest
2024 Mid-Season Invitational,10000.0,9-10,GAM Esports
2024 Mid-Season Invitational,15000.0,7-8,Fnatic
2024 Mid-Season Invitational,15000.0,7-8,PSG Talon
2024 Mid-Season Invitational,20000.0,5-6,Team Liquid
2024 Mid-Season Invitational,20000.0,5-6,Top Esports
2024 Mid-Season Invitational,25000.0,4,G2 Esports
2024 Mid-Season Invitational,30000.0,3,T1
2024 Mid-Season Invitational,40000.0,2,Bilibili Gaming
2024 Mid-Season Invitational,50000.0,1,Gen.G
2024 Season World Championship,22500.0,19-20,
2024 Season World Championship,22500.0,19-20,
2024 Season World Championship,39375.0,17-18,
2024 Season World Championship,39375.0,17-18,
2024 Season World Championship,56250.0,15-16,
2024 Season World Championship,56250.0,15-16,
2024 Season World Championship,67500.0,12-14,
2024 Season World Championship,67500.0,12-14,
2024 Season World Championship,67500.0,12-14,
2024 Season World Championship,78750.0,9-11,
2024 Season World Championship,78750.0,9-11,
2024 Season World Championship,78750.0,9-11,
2024 Season World Championship,101250.0,5-8,
2024 Season World Championship,101250.0,5-8,
2024 Season World Championship,101250.0,5-8,
2024 Season World Championship,101250.0,5-8,
2024 Season World Championship,180000.0,3-4,
2024 Season World Championship,180000.0,3-4,
2024 Season World Championship,360000.0,2,
2024 Season World Championship,450000.0,1,
2025 Season World Championship,,1,
2025 Season World Championship,,12-14,
2025 Season World Championship,,12-14,
2025 Season World Championship,,12-14,
2025 Season World Championship,,15-16,
2025 Season World Championship,,15-16,
2025 Season World Championship,,17,
2025 Season World Championship,,2,
2025 Season World Championship,,3-4,
2025 Season World Championship,,3-4,
2025 Season World Championship,,5-8,
2025 Season World Championship,,5-8,
2025 Season World Championship,,5-8,
2025 Season World Championship,,5-8,
2025 Season World Championship,,9-11,
2025 Season World Championship,,9-11,
2025 Season World Championship,,9-11,
2020 Season World Championship,13350.0,21-22,INTZ
2020 Season World Championship,13350.0,21-22,V3 Esports
2020 Season World Championship,16687.5,19-20,MAD Lions
2020 Season World Championship,16687.5,19-20,Rainbow7
2020 Season World Championship,22250.0,17-18,Legacy Esports
2020 Season World Championship,22250.0,17-18,Papara SuperMassive
2020 Season World Championship,33375.0,13-16,Machi Esports
2020 Season World Championship,33375.0,13-16,Rogue (European Team)
2020 Season World Championship,33375.0,13-16,TSM
2020 Season World Championship,33375.0,13-16,Unicorns of Love.CIS
2020 Season World Championship,55625.0,9-12,FlyQuest
2020 Season World Championship,55625.0,9-12,LGD Gaming
2020 Season World Championship,55625.0,9-12,PSG Talon
2020 Season World Championship,55625.0,9-12,Team Liquid
2020 Season World Championship,100125.0,5-8,DRX
2020 Season World Championship,100125.0,5-8,Fnatic
2020 Season World Championship,100125.0,5-8,Gen.G
2020 Season World Championship,100125.0,5-8,JD Gaming
2020 Season World Championship,200250.0,3-4,G2 Esports
2020 Season World Championship,200250.0,3-4,Top Esports
2020 Season World Championship,389375.0,2,Suning
2020 Season World Championship,556250.0,1,DAMWON Gaming
2021 Mid-Season Invitational,5000.0,10-11,INFINITY
2021 Mid-Season Invitational,5000.0,10-11,Istanbul Wildcats
2021 Mid-Season Invitational,8325.0,7-9,DetonatioN FocusMe
2021 Mid-Season Invitational,8325.0,7-9,paiN Gaming
2021 Mid-Season Invitational,8325.0,7-9,Unicorns of Love.CIS
2021 Mid-Season Invitational,17500.0,5-6,Cloud9
2021 Mid-Season Invitational,17500.0,5-6,Pentanet.GG
2021 Mid-Season Invitational,25000.0,3-4,MAD Lions
2021 Mid-Season Invitational,25000.0,3-4,PSG Talon
2021 Mid-Season Invitational,50000.0,2,DWG KIA
2021 Mid-Season Invitational,75000.0,1,Royal Never Give Up
2021 Season World Championship,22250.0,21-22,INFINITY
2021 Season World Championship,22250.0,21-22,Unicorns of Love.CIS
2021 Season World Championship,27812.5,19-20,Galatasaray Esports
2021 Season World Championship,27812.5,19-20,RED Canids
2021 Season World Championship,38937.5,17-18,Beyond Gaming
2021 Season World Championship,38937.5,17-18,PEACE (Oceanic Team)
2021 Season World Championship,50062.5,14-16,DetonatioN FocusMe
2021 Season World Championship,50062.5,14-16,Fnatic
2021 Season World Championship,50062.5,14-16,FunPlus Phoenix
2021 Season World Championship,52843.75,12-13,LNG Esports
2021 Season World Championship,52843.75,12-13,Team Liquid
2021 Season World Championship,55625.0,9-11,100 Thieves
2021 Season World Championship,55625.0,9-11,PSG Talon
2021 Season World Championship,55625.0,9-11,Rogue (European Team)
2021 Season World Championship,100125.0,5-8,Cloud9
2021 Season World Championship,100125.0,5-8,Hanwha Life Esports
2021 Season World Championship,100125.0,5-8,MAD Lions
2021 Season World Championship,100125.0,5-8,Royal Never Give Up
2021 Season World Championship,178000.0,3-4,Gen.G
2021 Season World Championship,178000.0,3-4,T1
2021 Season World Championship,333750.0,2,DWG KIA
2021 Season World Championship,489500.0,1,EDward Gaming
2022 Mid-Season Invitational,5000.0,11,Istanbul Wildcats
2022 Mid-Season Invitational,6675.0,9-10,DetonatioN FocusMe
2022 Mid-Season Invitational,6675.0,9-10,Team Aze
2022 Mid-Season Invitational,8325.0,7-8,ORDER
2022 Mid-Season Invitational,8325.0,7-8,RED Canids
2022 Mid-Season Invitational,17500.0,5-6,PSG Talon
2022 Mid-Season Invitational,17500.0,5-6,Saigon Buffalo
2022 Mid-Season Invitational,25000.0,3-4,Evil Geniuses.NA
2022 Mid-Season Invitational,25000.0,3-4,G2 Esports
2022 Mid-Season Invitational,50000.0,2,T1
2022 Mid-Season Invitational,75000.0,1,Royal Never Give Up
2022 Season World Championship,16687.5,23-24,Chiefs Esports Club
2022 Season World Championship,16687.5,23-24,Istanbul Wildcats
2022 Season World Championship,22250.0,21-22,Beyond Gaming
2022 Season World Championship,22250.0,21-22,Isurus
2022 Season World Championship,33375.0,19-20,LOUD
2022 Season World Championship,33375.0,19-20,Saigon Buffalo
2022 Season World Championship,38937.5,17-18,DetonatioN FocusMe
2022 Season World Championship,38937.5,17-18,MAD Lions
2022 Season World Championship,50062.5,15-16,Cloud9
2022 Season World Championship,50062.5,15-16,GAM Esports
2022 Season World Championship,52843.75,11-14,100 Thieves
2022 Season World Championship,52843.75,11-14,CTBC Flying Oyster
2022 Season World Championship,52843.75,11-14,Evil Geniuses.NA
2022 Season World Championship,52843.75,11-14,G2 Esports
2022 Season World Championship,55625.0,9-10,Fnatic
2022 Season World Championship,55625.0,9-10,Top Esports
2022 Season World Championship,100125.0,5-8,DWG KIA
2022 Season World Championship,100125.0,5-8,EDward Gaming
2022 Season World Championship,100125.0,5-8,Rogue (European Team)
2022 Season World Championship,100125.0,5-8,Royal Never Give Up
2022 Season World Championship,178000.0,3-4,Gen.G
2022 Season World Championship,178000.0,3-4,JD Gaming
2022 Season World Championship,333750.0,2,T1
2022 Season World Championship,489500.0,1,DRX
2015 Season Korea Regional Finals,,1,KT Rolster
2015 Season Korea Regional Finals,,2,Jin Air Green Wings
2015 Season Korea Regional Finals,,3,CJ Entus
2015 Season Korea Regional Finals,,4,NaJin e-mFire
2015 Season Southeast Asia Regional Finals,,1,Bangkok Titans
2015 Season Southeast Asia Regional Finals,,2,Saigon Jokers
2015 Season Southeast Asia Regional Finals,,3,Full Louis
2015 Season Southeast Asia Regional Finals,,4,Saigon Fantastic Five
2015 Season World Championship,25000.0,14-16,Bangkok Titans
2015 Season World Championship,25000.0,14-16,Invictus Gaming
2015 Season World Championship,25000.0,14-16,TSM
2015 Season World Championship,35000.0,12-13,Counter Logic Gaming
2015 Season World Championship,35000.0,12-13,paiN Gaming
2015 Season World Championship,45000.0,9-11,Cloud9
2015 Season World Championship,45000.0,9-11,H2k-Gaming
2015 Season World Championship,45000.0,9-11,LGD Gaming
2015 Season World Championship,75000.0,5-8,ahq eSports Club
2015 Season World Championship,75000.0,5-8,EDward Gaming
2015 Season World Championship,75000.0,5-8,Flash Wolves
2015 Season World Championship,75000.0,5-8,KT Rolster
2015 Season World Championship,150000.0,3-4,Fnatic
2015 Season World Championship,150000.0,3-4,Origen
2015 Season World Championship,250000.0,2,KOO Tigers
2015 Season World Championship,1000000.0,1,SK Telecom T1
2016 Mid-Season Invitational,,5,G2 Esports
2016 Mid-Season Invitational,,6,SuperMassive Esports
2016 Mid-Season Invitational,50000.0,3-4,Flash Wolves
2016 Mid-Season Invitational,50000.0,3-4,Royal Never Give Up
2016 Mid-Season Invitational,100000.0,2,Counter Logic Gaming
2016 Mid-Season Invitational,250000.0,1,SK Telecom T1
2016 Season World Championship,63375.0,13-16,Flash Wolves
2016 Season World Championship,63375.0,13-16,G2 Esports
2016 Season World Championship,63375.0,13-16,INTZ
2016 Season World Championship,63375.0,13-16,Splyce
2016 Season World Championship,114075.0,9-12,ahq eSports Club
2016 Season World Championship,114075.0,9-12,Counter Logic Gaming
2016 Season World Championship,114075.0,9-12,I May
2016 Season World Championship,114075.0,9-12,TSM
2016 Season World Championship,202800.0,5-8,Albus NoX Luna
2016 Season World Championship,202800.0,5-8,Cloud9
2016 Season World Championship,202800.0,5-8,EDward Gaming
2016 Season World Championship,202800.0,5-8,Royal Never Give Up
2016 Season World Championship,380250.0,3-4,H2k-Gaming
2016 Season World Championship,380250.0,3-4,ROX Tigers
2016 Season World Championship,760500.0,2,Samsung Galaxy
2016 Season World Championship,2028000.0,1,SK Telecom T1
2017 Mid-Season Invitational,16900.0,12-13,Isurus
2017 Mid-Season Invitational,16900.0,12-13,Rampage
2017 Mid-Season Invitational,21125.0,10-11,Dire Wolves
2017 Mid-Season Invitational,21125.0,10-11,Virtus.pro
2017 Mid-Season Invitational,25350.0,8-9,Lyon Gaming (2013 Latin American Team)
2017 Mid-Season Invitational,25350.0,8-9,RED Canids
2017 Mid-Season Invitational,42250.0,7,SuperMassive Esports
2017 Mid-Season Invitational,84500.0,5,TSM
2017 Mid-Season Invitational,84500.0,6,GIGABYTE Marines
2017 Mid-Season Invitational,169000.0,3-4,Flash Wolves
2017 Mid-Season Invitational,169000.0,3-4,Team WE
2017 Mid-Season Invitational,338000.0,2,G2 Esports
2017 Mid-Season Invitational,676000.0,1,SK Telecom T1
2017 Season World Championship,24735.0,21-24,Dire Wolves
2017 Season World Championship,24735.0,21-24,Gambit Esports
2017 Season World Championship,24735.0,21-24,Kaos Latin Gamers
2017 Season World Championship,24735.0,21-24,Rampage
2017 Season World Championship,37102.0,17-20,Hong Kong Attitude
2017 Season World Championship,37102.0,17-20,Lyon Gaming (2013 Latin American Team)
2017 Season World Championship,37102.0,17-20,Team oNe eSports
2017 Season World Championship,37102.0,17-20,Young Generation
2017 Season World Championship,61837.0,14-16,Fenerbahçe Esports
2017 Season World Championship,61837.0,14-16,Flash Wolves
2017 Season World Championship,61837.0,14-16,Immortals
2017 Season World Championship,86571.0,12-13,ahq eSports Club
2017 Season World Championship,86571.0,12-13,EDward Gaming
2017 Season World Championship,111307.0,9-11,G2 Esports
2017 Season World Championship,111307.0,9-11,GIGABYTE Marines
2017 Season World Championship,111307.0,9-11,TSM
2017 Season World Championship,197879.0,5-8,Cloud9
2017 Season World Championship,197879.0,5-8,Fnatic
2017 Season World Championship,197879.0,5-8,Longzhu Gaming
2017 Season World Championship,197879.0,5-8,Misfits Gaming
2017 Season World Championship,346288.0,3-4,Royal Never Give Up
2017 Season World Championship,346288.0,3-4,Team WE
2017 Season World Championship,667841.0,2,SK Telecom T1
2017 Season World Championship,1855114.0,1,Samsung Galaxy
2018 Mid-Season Invitational,13705.0,14,PENTAGRAM
2018 Mid-Season Invitational,15418.0,12-13,Ascension Gaming
2018 Mid-Season Invitational,15418.0,12-13,Kaos Latin Gamers
2018 Mid-Season Invitational,17132.0,11,Dire Wolves
2018 Mid-Season Invitational,20558.0,9-10,KaBuM! Esports
2018 Mid-Season Invitational,20558.0,9-10,Rainbow7
2018 Mid-Season Invitational,34263.0,7-8,Gambit Esports
2018 Mid-Season Invitational,34263.0,7-8,SuperMassive Esports
2018 Mid-Season Invitational,68526.0,5,Team Liquid
2018 Mid-Season Invitational,68526.0,6,EVOS Esports
2018 Mid-Season Invitational,133626.0,3-4,Flash Wolves
2018 Mid-Season Invitational,133626.0,3-4,Fnatic
2018 Mid-Season Invitational,267251.0,2,Kingzone DragonX
2018 Mid-Season Invitational,527650.0,1,Royal Never Give Up
2018 Season World Championship,32250.0,21-24,Ascension Gaming
2018 Season World Championship,32250.0,21-24,Dire Wolves
2018 Season World Championship,32250.0,21-24,KaBuM! Esports
2018 Season World Championship,32250.0,21-24,Kaos Latin Gamers
2018 Season World Championship,48375.0,17-20,DetonatioN FocusMe
2018 Season World Championship,48375.0,17-20,Gambit Esports
2018 Season World Championship,48375.0,17-20,INFINITY
2018 Season World Championship,48375.0,17-20,SuperMassive Esports
2018 Season World Championship,80625.0,13-16,G-Rex
2018 Season World Championship,80625.0,13-16,Gen.G
2018 Season World Championship,80625.0,13-16,MAD Team
2018 Season World Championship,80625.0,13-16,Phong Vũ Buffalo
2018 Season World Championship,145125.0,9-12,100 Thieves
2018 Season World Championship,145125.0,9-12,Flash Wolves
2018 Season World Championship,145125.0,9-12,Team Liquid
2018 Season World Championship,145125.0,9-12,Team Vitality
2018 Season World Championship,258000.0,5-8,Afreeca Freecs
2018 Season World Championship,258000.0,5-8,EDward Gaming
2018 Season World Championship,258000.0,5-8,KT Rolster
2018 Season World Championship,258000.0,5-8,Royal Never Give Up
2018 Season World Championship,451500.0,3-4,Cloud9
2018 Season World Championship,451500.0,3-4,G2 Esports
2018 Season World Championship,870750.0,2,Fnatic
2018 Season World Championship,2418750.0,1,Invictus Gaming
2019 Mid-Season Invitational,10000.0,13,INTZ
2019 Mid-Season Invitational,11670.0,10-12,Bombers
2019 Mid-Season Invitational,11670.0,10-12,Isurus
2019 Mid-Season Invitational,11670.0,10-12,MEGA
2019 Mid-Season Invitational,15000.0,8-9,DetonatioN FocusMe
2019 Mid-Season Invitational,15000.0,8-9,Fenerbahçe Esports
2019 Mid-Season Invitational,25000.0,7,Vega Squadron
2019 Mid-Season Invitational,50000.0,5,Flash Wolves
2019 Mid-Season Invitational,50000.0,6,Phong Vũ Buffalo
2019 Mid-Season Invitational,100000.0,3-4,Invictus Gaming
2019 Mid-Season Invitational,100000.0,3-4,SK Telecom T1
2019 Mid-Season Invitational,200000.0,2,Team Liquid
2019 Mid-Season Invitational,400000.0,1,G2 Esports
2019 Season World Championship,11125.0,21-24,DetonatioN FocusMe
2019 Season World Championship,11125.0,21-24,Flamengo Esports
2019 Season World Championship,11125.0,21-24,MAMMOTH
2019 Season World Championship,11125.0,21-24,MEGA
2019 Season World Championship,16687.5,17-20,Isurus
2019 Season World Championship,16687.5,17-20,Lowkey Esports.Vietnam
2019 Season World Championship,16687.5,17-20,Royal Youth
2019 Season World Championship,16687.5,17-20,Unicorns of Love.CIS
2019 Season World Championship,27812.5,13-16,ahq eSports Club
2019 Season World Championship,27812.5,13-16,Clutch Gaming
2019 Season World Championship,27812.5,13-16,GAM Esports
2019 Season World Championship,27812.5,13-16,Hong Kong Attitude
2019 Season World Championship,50062.5,9-12,Cloud9
2019 Season World Championship,50062.5,9-12,J Team
2019 Season World Championship,50062.5,9-12,Royal Never Give Up
2019 Season World Championship,50062.5,9-12,Team Liquid
2019 Season World Championship,89000.0,5-8,DAMWON Gaming
2019 Season World Championship,89000.0,5-8,Fnatic
2019 Season World Championship,89000.0,5-8,Griffin (Korean Team)
2019 Season World Championship,89000.0,5-8,Splyce
2019 Season World Championship,155750.0,3-4,Invictus Gaming
2019 Season World Championship,155750.0,3-4,SK Telecom T1
2019 Season World Championship,300375.0,2,G2 Esports
2019 Season World Championship,834375.0,1,FunPlus Phoenix
2014 Season Garena Regional Finals,,1,ahq eSports Club
2014 Season Garena Regional Finals,,2,Saigon Fantastic Five
2014 Season Garena Regional Finals,,3,Taipei Snipers
2014 Season Garena Regional Finals,,4,Saigon Jokers
2014 Season Korea Regional Finals,,1,NaJin White Shield
2014 Season Korea Regional Finals,,2,SK Telecom T1 K
2014 Season Korea Regional Finals,,3,KT Rolster Arrows
2014 Season Korea Regional Finals,,4,KT Rolster Bullets
2014 Season World Championship,25000.0,14-16,Dark Passage
2014 Season World Championship,25000.0,14-16,KaBuM! Esports
2014 Season World Championship,25000.0,14-16,Taipei Assassins
2014 Season World Championship,35000.0,12-13,Fnatic
2014 Season World Championship,35000.0,12-13,LMQ
2014 Season World Championship,45000.0,9-11,ahq eSports Club
2014 Season World Championship,45000.0,9-11,Alliance
2014 Season World Championship,45000.0,9-11,SK Gaming
2014 Season World Championship,75000.0,5-8,Cloud9
2014 Season World Championship,75000.0,5-8,EDward Gaming
2014 Season World Championship,75000.0,5-8,NaJin White Shield
2014 Season World Championship,75000.0,5-8,TSM
2014 Season World Championship,150000.0,3-4,Oh My God
2014 Season World Championship,150000.0,3-4,Samsung Blue
2014 Season World Championship,250000.0,2,Star Horn Royal Club
2014 Season World Championship,1000000.0,1,Samsung White
2015 Mid-Season Invitational,,5,TSM
2015 Mid-Season Invitational,,6,Beşiktaş Esports
2015 Mid-Season Invitational,25000.0,3-4,ahq eSports Club
2015 Mid-Season Invitational,25000.0,3-4,Fnatic
2015 Mid-Season Invitational,50000.0,2,SK Telecom T1
2015 Mid-Season Invitational,100000.0,1,EDward Gaming
